web_scraper_order,web_scraper_start_url,data
"1774426831-1","https://musicbrainz.org/genres","2 tone"
"1774426831-2","https://musicbrainz.org/genres","2-step"
"1774426831-3","https://musicbrainz.org/genres","3-step"
"1774426831-4","https://musicbrainz.org/genres","aak"
"1774426831-5","https://musicbrainz.org/genres","abhang"
"1774426831-6","https://musicbrainz.org/genres","aboio"
"1774426831-7","https://musicbrainz.org/genres","abstract hip hop"
"1774426831-8","https://musicbrainz.org/genres","acholitronix"
"1774426831-9","https://musicbrainz.org/genres","acid breaks"
"1774426831-10","https://musicbrainz.org/genres","acid house"
"1774426831-11","https://musicbrainz.org/genres","acid jazz"
"1774426831-12","https://musicbrainz.org/genres","acid rock"
"1774426831-13","https://musicbrainz.org/genres","acid techno"
"1774426831-14","https://musicbrainz.org/genres","acid trance"
"1774426831-15","https://musicbrainz.org/genres","acidcore"
"1774426831-16","https://musicbrainz.org/genres","acousmatic"
"1774426831-17","https://musicbrainz.org/genres","acoustic blues"
"1774426831-18","https://musicbrainz.org/genres","acoustic chicago blues"
"1774426831-19","https://musicbrainz.org/genres","acoustic rock"
"1774426831-20","https://musicbrainz.org/genres","acoustic texas blues"
"1774426831-21","https://musicbrainz.org/genres","adhunik geet"
"1774426831-22","https://musicbrainz.org/genres","afoxê"
"1774426831-23","https://musicbrainz.org/genres","african blues"
"1774426831-24","https://musicbrainz.org/genres","afro house"
"1774426831-25","https://musicbrainz.org/genres","afro rock"
"1774426831-26","https://musicbrainz.org/genres","afro trap"
"1774426831-27","https://musicbrainz.org/genres","afro-cuban jazz"
"1774426831-28","https://musicbrainz.org/genres","afro-funk"
"1774426831-29","https://musicbrainz.org/genres","afro-jazz"
"1774426831-30","https://musicbrainz.org/genres","afro-zouk"
"1774426831-31","https://musicbrainz.org/genres","afrobeat"
"1774426831-32","https://musicbrainz.org/genres","afrobeats"
"1774426831-33","https://musicbrainz.org/genres","afropiano"
"1774426831-34","https://musicbrainz.org/genres","afroswing"
"1774426831-35","https://musicbrainz.org/genres","agbadza"
"1774426831-36","https://musicbrainz.org/genres","agbekor"
"1774426831-37","https://musicbrainz.org/genres","aggrotech"
"1774426831-38","https://musicbrainz.org/genres","agronejo"
"1774426831-39","https://musicbrainz.org/genres","ahwash"
"1774426831-40","https://musicbrainz.org/genres","aita"
"1774426831-41","https://musicbrainz.org/genres","akishibu-kei"
"1774426831-42","https://musicbrainz.org/genres","al jeel"
"1774426831-43","https://musicbrainz.org/genres","aleke"
"1774426831-44","https://musicbrainz.org/genres","algerian chaabi"
"1774426831-45","https://musicbrainz.org/genres","algorave"
"1774426831-46","https://musicbrainz.org/genres","alloukou"
"1774426831-47","https://musicbrainz.org/genres","alpenrock"
"1774426831-48","https://musicbrainz.org/genres","alté"
"1774426831-49","https://musicbrainz.org/genres","alternative country"
"1774426831-50","https://musicbrainz.org/genres","alternative dance"
"1774426831-51","https://musicbrainz.org/genres","alternative folk"
"1774426831-52","https://musicbrainz.org/genres","alternative hip hop"
"1774426831-53","https://musicbrainz.org/genres","alternative metal"
"1774426831-54","https://musicbrainz.org/genres","alternative pop"
"1774426831-55","https://musicbrainz.org/genres","alternative punk"
"1774426831-56","https://musicbrainz.org/genres","alternative r&b"
"1774426831-57","https://musicbrainz.org/genres","alternative rock"
"1774426831-58","https://musicbrainz.org/genres","amapiano"
"1774426831-59","https://musicbrainz.org/genres","ambasse bey"
"1774426831-60","https://musicbrainz.org/genres","ambient"
"1774426831-61","https://musicbrainz.org/genres","ambient americana"
"1774426831-62","https://musicbrainz.org/genres","ambient dub"
"1774426831-63","https://musicbrainz.org/genres","ambient house"
"1774426831-64","https://musicbrainz.org/genres","ambient noise wall"
"1774426831-65","https://musicbrainz.org/genres","ambient plugg"
"1774426831-66","https://musicbrainz.org/genres","ambient pop"
"1774426831-67","https://musicbrainz.org/genres","ambient techno"
"1774426831-68","https://musicbrainz.org/genres","ambient trance"
"1774426831-69","https://musicbrainz.org/genres","ambrosian chant"
"1774426831-70","https://musicbrainz.org/genres","american gamelan"
"1774426831-71","https://musicbrainz.org/genres","american primitive guitar"
"1774426831-72","https://musicbrainz.org/genres","americana"
"1774426831-73","https://musicbrainz.org/genres","amigacore"
"1774426831-74","https://musicbrainz.org/genres","anarcho-punk"
"1774426831-75","https://musicbrainz.org/genres","anatolian rock"
"1774426831-76","https://musicbrainz.org/genres","andalusian classical"
"1774426831-77","https://musicbrainz.org/genres","andean new age"
"1774426831-78","https://musicbrainz.org/genres","anglican chant"
"1774426831-79","https://musicbrainz.org/genres","animal sounds"
"1774426831-80","https://musicbrainz.org/genres","anti-folk"
"1774426831-81","https://musicbrainz.org/genres","aor"
"1774426831-82","https://musicbrainz.org/genres","apala"
"1774426831-83","https://musicbrainz.org/genres","appalachian folk"
"1774426831-84","https://musicbrainz.org/genres","aquacrunk"
"1774426831-85","https://musicbrainz.org/genres","arabesk"
"1774426831-86","https://musicbrainz.org/genres","arabesk rap"
"1774426831-87","https://musicbrainz.org/genres","arena rock"
"1774426831-88","https://musicbrainz.org/genres","arrocha"
"1774426831-89","https://musicbrainz.org/genres","arrocha funk"
"1774426831-90","https://musicbrainz.org/genres","arrocha sertanejo"
"1774426831-91","https://musicbrainz.org/genres","arrochadeira"
"1774426831-92","https://musicbrainz.org/genres","ars antiqua"
"1774426831-93","https://musicbrainz.org/genres","ars nova"
"1774426831-94","https://musicbrainz.org/genres","ars subtilior"
"1774426831-95","https://musicbrainz.org/genres","art pop"
"1774426831-96","https://musicbrainz.org/genres","art punk"
"1774426831-97","https://musicbrainz.org/genres","art rock"
"1774426831-98","https://musicbrainz.org/genres","art song"
"1774426831-99","https://musicbrainz.org/genres","artcore"
"1774426831-100","https://musicbrainz.org/genres","ashkenazi cantorial music"
"1774426831-101","https://musicbrainz.org/genres","asian rock"
"1774426831-102","https://musicbrainz.org/genres","asmr"
"1774426831-103","https://musicbrainz.org/genres","assiko"
"1774426831-104","https://musicbrainz.org/genres","atmospheric black metal"
"1774426831-105","https://musicbrainz.org/genres","atmospheric drum and bass"
"1774426831-106","https://musicbrainz.org/genres","atmospheric sludge metal"
"1774426831-107","https://musicbrainz.org/genres","audio documentary"
"1774426831-108","https://musicbrainz.org/genres","audio drama"
"1774426831-109","https://musicbrainz.org/genres","autonomic"
"1774426831-110","https://musicbrainz.org/genres","avant-folk"
"1774426831-111","https://musicbrainz.org/genres","avant-garde"
"1774426831-112","https://musicbrainz.org/genres","avant-garde jazz"
"1774426831-113","https://musicbrainz.org/genres","avant-garde metal"
"1774426831-114","https://musicbrainz.org/genres","avant-garde pop"
"1774426831-115","https://musicbrainz.org/genres","avant-prog"
"1774426831-116","https://musicbrainz.org/genres","avanzada"
"1774426831-117","https://musicbrainz.org/genres","avtorskaya pesnya"
"1774426831-118","https://musicbrainz.org/genres","axé"
"1774426831-119","https://musicbrainz.org/genres","bacardi"
"1774426831-120","https://musicbrainz.org/genres","bachata"
"1774426831-121","https://musicbrainz.org/genres","bachatón"
"1774426831-122","https://musicbrainz.org/genres","bagad"
"1774426831-123","https://musicbrainz.org/genres","bagatelle"
"1774426831-124","https://musicbrainz.org/genres","baguala"
"1774426831-125","https://musicbrainz.org/genres","baião"
"1774426831-126","https://musicbrainz.org/genres","baila"
"1774426831-127","https://musicbrainz.org/genres","baisha xiyue"
"1774426831-128","https://musicbrainz.org/genres","baithak gana"
"1774426831-129","https://musicbrainz.org/genres","bakersfield sound"
"1774426831-130","https://musicbrainz.org/genres","balani show"
"1774426831-131","https://musicbrainz.org/genres","balearic beat"
"1774426831-132","https://musicbrainz.org/genres","balearic trance"
"1774426831-133","https://musicbrainz.org/genres","balinese gamelan"
"1774426831-134","https://musicbrainz.org/genres","balitaw"
"1774426831-135","https://musicbrainz.org/genres","ballad"
"1774426831-136","https://musicbrainz.org/genres","ballad opera"
"1774426831-137","https://musicbrainz.org/genres","ballet"
"1774426831-138","https://musicbrainz.org/genres","ballet de cour"
"1774426831-139","https://musicbrainz.org/genres","ballroom house"
"1774426831-140","https://musicbrainz.org/genres","baltimore club"
"1774426831-141","https://musicbrainz.org/genres","bambuco"
"1774426831-142","https://musicbrainz.org/genres","banda sinaloense"
"1774426831-143","https://musicbrainz.org/genres","bandari"
"1774426831-144","https://musicbrainz.org/genres","bandinha"
"1774426831-145","https://musicbrainz.org/genres","banga"
"1774426831-146","https://musicbrainz.org/genres","bantengan"
"1774426831-147","https://musicbrainz.org/genres","baqashot"
"1774426831-148","https://musicbrainz.org/genres","barber beats"
"1774426831-149","https://musicbrainz.org/genres","barbershop"
"1774426831-150","https://musicbrainz.org/genres","bard rock"
"1774426831-151","https://musicbrainz.org/genres","bardcore"
"1774426831-152","https://musicbrainz.org/genres","baroque"
"1774426831-153","https://musicbrainz.org/genres","baroque pop"
"1774426831-154","https://musicbrainz.org/genres","baroque suite"
"1774426831-155","https://musicbrainz.org/genres","bashment soca"
"1774426831-156","https://musicbrainz.org/genres","bass house"
"1774426831-157","https://musicbrainz.org/genres","bassline"
"1774426831-158","https://musicbrainz.org/genres","batida"
"1774426831-159","https://musicbrainz.org/genres","batidão romântico"
"1774426831-160","https://musicbrainz.org/genres","batonebi songs"
"1774426831-161","https://musicbrainz.org/genres","battle rap"
"1774426831-162","https://musicbrainz.org/genres","battle record"
"1774426831-163","https://musicbrainz.org/genres","batucada"
"1774426831-164","https://musicbrainz.org/genres","batuque"
"1774426831-165","https://musicbrainz.org/genres","baul gaan"
"1774426831-166","https://musicbrainz.org/genres","beach music"
"1774426831-167","https://musicbrainz.org/genres","beat bolha"
"1774426831-168","https://musicbrainz.org/genres","beat bruxaria"
"1774426831-169","https://musicbrainz.org/genres","beat fino"
"1774426831-170","https://musicbrainz.org/genres","beat music"
"1774426831-171","https://musicbrainz.org/genres","beat poetry"
"1774426831-172","https://musicbrainz.org/genres","beat rock"
"1774426831-173","https://musicbrainz.org/genres","beatboxing"
"1774426831-174","https://musicbrainz.org/genres","beatdown hardcore"
"1774426831-175","https://musicbrainz.org/genres","bebop"
"1774426831-176","https://musicbrainz.org/genres","bedroom pop"
"1774426831-177","https://musicbrainz.org/genres","beijing opera"
"1774426831-178","https://musicbrainz.org/genres","bélé"
"1774426831-179","https://musicbrainz.org/genres","belgian techno"
"1774426831-180","https://musicbrainz.org/genres","bend-skin"
"1774426831-181","https://musicbrainz.org/genres","beneventan chant"
"1774426831-182","https://musicbrainz.org/genres","benga"
"1774426831-183","https://musicbrainz.org/genres","beni"
"1774426831-184","https://musicbrainz.org/genres","benna"
"1774426831-185","https://musicbrainz.org/genres","beompae"
"1774426831-186","https://musicbrainz.org/genres","bérite club"
"1774426831-187","https://musicbrainz.org/genres","berlin school"
"1774426831-188","https://musicbrainz.org/genres","bhajan"
"1774426831-189","https://musicbrainz.org/genres","bhangra"
"1774426831-190","https://musicbrainz.org/genres","bhavageethe"
"1774426831-191","https://musicbrainz.org/genres","bhojpuri pop"
"1774426831-192","https://musicbrainz.org/genres","big band"
"1774426831-193","https://musicbrainz.org/genres","big beat"
"1774426831-194","https://musicbrainz.org/genres","big room house"
"1774426831-195","https://musicbrainz.org/genres","big room trance"
"1774426831-196","https://musicbrainz.org/genres","biguine"
"1774426831-197","https://musicbrainz.org/genres","bikutsi"
"1774426831-198","https://musicbrainz.org/genres","binaural beats"
"1774426831-199","https://musicbrainz.org/genres","biraha"
"1774426831-200","https://musicbrainz.org/genres","birdsong"
"1774426831-201","https://musicbrainz.org/genres","birmingham sound"
"1774426831-202","https://musicbrainz.org/genres","bit music"
"1774426831-203","https://musicbrainz.org/genres","bitpop"
"1774426831-204","https://musicbrainz.org/genres","black 'n' roll"
"1774426831-205","https://musicbrainz.org/genres","black ambient"
"1774426831-206","https://musicbrainz.org/genres","black metal"
"1774426831-207","https://musicbrainz.org/genres","black midi"
"1774426831-208","https://musicbrainz.org/genres","black noise"
"1774426831-209","https://musicbrainz.org/genres","blackened crust"
"1774426831-210","https://musicbrainz.org/genres","blackened death metal"
"1774426831-211","https://musicbrainz.org/genres","blackgaze"
"1774426831-212","https://musicbrainz.org/genres","bleep techno"
"1774426831-213","https://musicbrainz.org/genres","blue-eyed soul"
"1774426831-214","https://musicbrainz.org/genres","bluegrass"
"1774426831-215","https://musicbrainz.org/genres","bluegrass gospel"
"1774426831-216","https://musicbrainz.org/genres","blues"
"1774426831-217","https://musicbrainz.org/genres","blues rock"
"1774426831-218","https://musicbrainz.org/genres","bocet"
"1774426831-219","https://musicbrainz.org/genres","boduberu"
"1774426831-220","https://musicbrainz.org/genres","boedra"
"1774426831-221","https://musicbrainz.org/genres","bogino duu"
"1774426831-222","https://musicbrainz.org/genres","bolero"
"1774426831-223","https://musicbrainz.org/genres","bolero español"
"1774426831-224","https://musicbrainz.org/genres","bolero son"
"1774426831-225","https://musicbrainz.org/genres","bolero-beat"
"1774426831-226","https://musicbrainz.org/genres","bomba"
"1774426831-227","https://musicbrainz.org/genres","bomba del chota"
"1774426831-228","https://musicbrainz.org/genres","bongo flava"
"1774426831-229","https://musicbrainz.org/genres","boogaloo"
"1774426831-230","https://musicbrainz.org/genres","boogie"
"1774426831-231","https://musicbrainz.org/genres","boogie rock"
"1774426831-232","https://musicbrainz.org/genres","boogie-woogie"
"1774426831-233","https://musicbrainz.org/genres","boom bap"
"1774426831-234","https://musicbrainz.org/genres","bossa nova"
"1774426831-235","https://musicbrainz.org/genres","bounce"
"1774426831-236","https://musicbrainz.org/genres","bounce beat"
"1774426831-237","https://musicbrainz.org/genres","bouncy techno"
"1774426831-238","https://musicbrainz.org/genres","bouyon"
"1774426831-239","https://musicbrainz.org/genres","boyfriend country"
"1774426831-240","https://musicbrainz.org/genres","brass band"
"1774426831-241","https://musicbrainz.org/genres","brazilian bass"
"1774426831-242","https://musicbrainz.org/genres","brazilian phonk"
"1774426831-243","https://musicbrainz.org/genres","break-in"
"1774426831-244","https://musicbrainz.org/genres","breakbeat"
"1774426831-245","https://musicbrainz.org/genres","breakbeat hardcore"
"1774426831-246","https://musicbrainz.org/genres","breakbeat kota"
"1774426831-247","https://musicbrainz.org/genres","breakcore"
"1774426831-248","https://musicbrainz.org/genres","breaks"
"1774426831-249","https://musicbrainz.org/genres","breakstep"
"1774426831-250","https://musicbrainz.org/genres","brega"
"1774426831-251","https://musicbrainz.org/genres","brega calypso"
"1774426831-252","https://musicbrainz.org/genres","brega funk"
"1774426831-253","https://musicbrainz.org/genres","briddim"
"1774426831-254","https://musicbrainz.org/genres","brill building"
"1774426831-255","https://musicbrainz.org/genres","brit funk"
"1774426831-256","https://musicbrainz.org/genres","britcore"
"1774426831-257","https://musicbrainz.org/genres","british blues"
"1774426831-258","https://musicbrainz.org/genres","british brass band"
"1774426831-259","https://musicbrainz.org/genres","british folk rock"
"1774426831-260","https://musicbrainz.org/genres","british rhythm & blues"
"1774426831-261","https://musicbrainz.org/genres","britpop"
"1774426831-262","https://musicbrainz.org/genres","bro-country"
"1774426831-263","https://musicbrainz.org/genres","broadband noise"
"1774426831-264","https://musicbrainz.org/genres","broken beat"
"1774426831-265","https://musicbrainz.org/genres","broken transmission"
"1774426831-266","https://musicbrainz.org/genres","brostep"
"1774426831-267","https://musicbrainz.org/genres","brutal death metal"
"1774426831-268","https://musicbrainz.org/genres","brutal prog"
"1774426831-269","https://musicbrainz.org/genres","bubblegum bass"
"1774426831-270","https://musicbrainz.org/genres","bubblegum dance"
"1774426831-271","https://musicbrainz.org/genres","bubblegum pop"
"1774426831-272","https://musicbrainz.org/genres","bubbling"
"1774426831-273","https://musicbrainz.org/genres","bubbling house"
"1774426831-274","https://musicbrainz.org/genres","buchiage trance"
"1774426831-275","https://musicbrainz.org/genres","budots"
"1774426831-276","https://musicbrainz.org/genres","bulería"
"1774426831-277","https://musicbrainz.org/genres","bullerengue"
"1774426831-278","https://musicbrainz.org/genres","burger-highlife"
"1774426831-279","https://musicbrainz.org/genres","burmese classical"
"1774426831-280","https://musicbrainz.org/genres","burmese mono"
"1774426831-281","https://musicbrainz.org/genres","burmese stereo"
"1774426831-282","https://musicbrainz.org/genres","burning spirits"
"1774426831-283","https://musicbrainz.org/genres","burrakatha"
"1774426831-284","https://musicbrainz.org/genres","bytebeat"
"1774426831-285","https://musicbrainz.org/genres","byzantine chant"
"1774426831-286","https://musicbrainz.org/genres","c-pop"
"1774426831-287","https://musicbrainz.org/genres","c86"
"1774426831-288","https://musicbrainz.org/genres","ca trù"
"1774426831-289","https://musicbrainz.org/genres","cabaret"
"1774426831-290","https://musicbrainz.org/genres","cabo zouk"
"1774426831-291","https://musicbrainz.org/genres","cadence lypso"
"1774426831-292","https://musicbrainz.org/genres","cadence rampa"
"1774426831-293","https://musicbrainz.org/genres","cải lương"
"1774426831-294","https://musicbrainz.org/genres","cajun"
"1774426831-295","https://musicbrainz.org/genres","cakewalk"
"1774426831-296","https://musicbrainz.org/genres","čalgija"
"1774426831-297","https://musicbrainz.org/genres","calipso venezolano"
"1774426831-298","https://musicbrainz.org/genres","calypso"
"1774426831-299","https://musicbrainz.org/genres","campursari"
"1774426831-300","https://musicbrainz.org/genres","campus folk"
"1774426831-301","https://musicbrainz.org/genres","canción melódica"
"1774426831-302","https://musicbrainz.org/genres","candombe"
"1774426831-303","https://musicbrainz.org/genres","candombe beat"
"1774426831-304","https://musicbrainz.org/genres","cantata"
"1774426831-305","https://musicbrainz.org/genres","cante alentejano"
"1774426831-306","https://musicbrainz.org/genres","canterbury scene"
"1774426831-307","https://musicbrainz.org/genres","canto a lo poeta"
"1774426831-308","https://musicbrainz.org/genres","canto cardenche"
"1774426831-309","https://musicbrainz.org/genres","canto degli alpini"
"1774426831-310","https://musicbrainz.org/genres","cantonese opera"
"1774426831-311","https://musicbrainz.org/genres","cantopop"
"1774426831-312","https://musicbrainz.org/genres","cantoria"
"1774426831-313","https://musicbrainz.org/genres","cantu a chiterra"
"1774426831-314","https://musicbrainz.org/genres","cantu a tenore"
"1774426831-315","https://musicbrainz.org/genres","canzona"
"1774426831-316","https://musicbrainz.org/genres","canzone d'autore"
"1774426831-317","https://musicbrainz.org/genres","canzone napoletana"
"1774426831-318","https://musicbrainz.org/genres","canzone neomelodica"
"1774426831-319","https://musicbrainz.org/genres","cape breton fiddling"
"1774426831-320","https://musicbrainz.org/genres","cape jazz"
"1774426831-321","https://musicbrainz.org/genres","caporal"
"1774426831-322","https://musicbrainz.org/genres","capriccio"
"1774426831-323","https://musicbrainz.org/genres","carimbó"
"1774426831-324","https://musicbrainz.org/genres","carnatic classical"
"1774426831-325","https://musicbrainz.org/genres","carnavalito"
"1774426831-326","https://musicbrainz.org/genres","carranga"
"1774426831-327","https://musicbrainz.org/genres","celtic"
"1774426831-328","https://musicbrainz.org/genres","celtic chant"
"1774426831-329","https://musicbrainz.org/genres","celtic electronica"
"1774426831-330","https://musicbrainz.org/genres","celtic metal"
"1774426831-331","https://musicbrainz.org/genres","celtic new age"
"1774426831-332","https://musicbrainz.org/genres","celtic punk"
"1774426831-333","https://musicbrainz.org/genres","celtic rock"
"1774426831-334","https://musicbrainz.org/genres","central asian throat singing"
"1774426831-335","https://musicbrainz.org/genres","chacarera"
"1774426831-336","https://musicbrainz.org/genres","chachachá"
"1774426831-337","https://musicbrainz.org/genres","chalga"
"1774426831-338","https://musicbrainz.org/genres","chamamé"
"1774426831-339","https://musicbrainz.org/genres","chamamé tropical"
"1774426831-340","https://musicbrainz.org/genres","chamarrita açoriana"
"1774426831-341","https://musicbrainz.org/genres","chamarrita rioplatense"
"1774426831-342","https://musicbrainz.org/genres","chamber folk"
"1774426831-343","https://musicbrainz.org/genres","chamber pop"
"1774426831-344","https://musicbrainz.org/genres","champeta"
"1774426831-345","https://musicbrainz.org/genres","changa tuki"
"1774426831-346","https://musicbrainz.org/genres","change ringing"
"1774426831-347","https://musicbrainz.org/genres","changjak gugak"
"1774426831-348","https://musicbrainz.org/genres","changüí"
"1774426831-349","https://musicbrainz.org/genres","chanson à texte"
"1774426831-350","https://musicbrainz.org/genres","chanson française"
"1774426831-351","https://musicbrainz.org/genres","chanson québécoise"
"1774426831-352","https://musicbrainz.org/genres","chanson réaliste"
"1774426831-353","https://musicbrainz.org/genres","chaozhou xianshi"
"1774426831-354","https://musicbrainz.org/genres","chap hop"
"1774426831-355","https://musicbrainz.org/genres","character piece"
"1774426831-356","https://musicbrainz.org/genres","charanga"
"1774426831-357","https://musicbrainz.org/genres","chazzanut"
"1774426831-358","https://musicbrainz.org/genres","chèo"
"1774426831-359","https://musicbrainz.org/genres","chicago blues"
"1774426831-360","https://musicbrainz.org/genres","chicago bop"
"1774426831-361","https://musicbrainz.org/genres","chicago drill"
"1774426831-362","https://musicbrainz.org/genres","chicago house"
"1774426831-363","https://musicbrainz.org/genres","chicago polka"
"1774426831-364","https://musicbrainz.org/genres","chicago soul"
"1774426831-365","https://musicbrainz.org/genres","chicano rap"
"1774426831-366","https://musicbrainz.org/genres","chicha"
"1774426831-367","https://musicbrainz.org/genres","children's music"
"1774426831-368","https://musicbrainz.org/genres","chilena"
"1774426831-369","https://musicbrainz.org/genres","chillout"
"1774426831-370","https://musicbrainz.org/genres","chillstep"
"1774426831-371","https://musicbrainz.org/genres","chillsynth"
"1774426831-372","https://musicbrainz.org/genres","chillwave"
"1774426831-373","https://musicbrainz.org/genres","chimayche"
"1774426831-374","https://musicbrainz.org/genres","chimurenga"
"1774426831-375","https://musicbrainz.org/genres","chinese classical"
"1774426831-376","https://musicbrainz.org/genres","chinese literati music"
"1774426831-377","https://musicbrainz.org/genres","chinese opera"
"1774426831-378","https://musicbrainz.org/genres","chinese revolutionary opera"
"1774426831-379","https://musicbrainz.org/genres","chipmunk soul"
"1774426831-380","https://musicbrainz.org/genres","chiptune"
"1774426831-381","https://musicbrainz.org/genres","chöd"
"1774426831-382","https://musicbrainz.org/genres","chopped and screwed"
"1774426831-383","https://musicbrainz.org/genres","chopper"
"1774426831-384","https://musicbrainz.org/genres","choral symphony"
"1774426831-385","https://musicbrainz.org/genres","choro"
"1774426831-386","https://musicbrainz.org/genres","chotis madrileño"
"1774426831-387","https://musicbrainz.org/genres","christian hardcore"
"1774426831-388","https://musicbrainz.org/genres","christian hip hop"
"1774426831-389","https://musicbrainz.org/genres","christian metal"
"1774426831-390","https://musicbrainz.org/genres","christian rock"
"1774426831-391","https://musicbrainz.org/genres","christmas music"
"1774426831-392","https://musicbrainz.org/genres","church music"
"1774426831-393","https://musicbrainz.org/genres","chutney"
"1774426831-394","https://musicbrainz.org/genres","chutney soca"
"1774426831-395","https://musicbrainz.org/genres","cilokaq"
"1774426831-396","https://musicbrainz.org/genres","cinematic classical"
"1774426831-397","https://musicbrainz.org/genres","ciranda"
"1774426831-398","https://musicbrainz.org/genres","circus march"
"1774426831-399","https://musicbrainz.org/genres","city pop"
"1774426831-400","https://musicbrainz.org/genres","classic blues"
"1774426831-401","https://musicbrainz.org/genres","classic country"
"1774426831-402","https://musicbrainz.org/genres","classic jazz"
"1774426831-403","https://musicbrainz.org/genres","classic ragtime"
"1774426831-404","https://musicbrainz.org/genres","classic rock"
"1774426831-405","https://musicbrainz.org/genres","classical"
"1774426831-406","https://musicbrainz.org/genres","classical crossover"
"1774426831-407","https://musicbrainz.org/genres","classical period"
"1774426831-408","https://musicbrainz.org/genres","close harmony"
"1774426831-409","https://musicbrainz.org/genres","cloud rap"
"1774426831-410","https://musicbrainz.org/genres","club"
"1774426831-411","https://musicbrainz.org/genres","cocktail nation"
"1774426831-412","https://musicbrainz.org/genres","coco"
"1774426831-413","https://musicbrainz.org/genres","coke rap"
"1774426831-414","https://musicbrainz.org/genres","coladeira"
"1774426831-415","https://musicbrainz.org/genres","coldwave"
"1774426831-416","https://musicbrainz.org/genres","colindă"
"1774426831-417","https://musicbrainz.org/genres","colour bass"
"1774426831-418","https://musicbrainz.org/genres","comédie-ballet"
"1774426831-419","https://musicbrainz.org/genres","comedy"
"1774426831-420","https://musicbrainz.org/genres","comedy hip hop"
"1774426831-421","https://musicbrainz.org/genres","comedy rock"
"1774426831-422","https://musicbrainz.org/genres","comfy synth"
"1774426831-423","https://musicbrainz.org/genres","compas"
"1774426831-424","https://musicbrainz.org/genres","complextro"
"1774426831-425","https://musicbrainz.org/genres","concert band"
"1774426831-426","https://musicbrainz.org/genres","concertina band"
"1774426831-427","https://musicbrainz.org/genres","concerto"
"1774426831-428","https://musicbrainz.org/genres","concerto for orchestra"
"1774426831-429","https://musicbrainz.org/genres","concerto grosso"
"1774426831-430","https://musicbrainz.org/genres","conducted improvisation"
"1774426831-431","https://musicbrainz.org/genres","conga"
"1774426831-432","https://musicbrainz.org/genres","congolese rumba"
"1774426831-433","https://musicbrainz.org/genres","conscious hip hop"
"1774426831-434","https://musicbrainz.org/genres","contemporary christian"
"1774426831-435","https://musicbrainz.org/genres","contemporary classical"
"1774426831-436","https://musicbrainz.org/genres","contemporary country"
"1774426831-437","https://musicbrainz.org/genres","contemporary folk"
"1774426831-438","https://musicbrainz.org/genres","contemporary gospel"
"1774426831-439","https://musicbrainz.org/genres","contemporary jazz"
"1774426831-440","https://musicbrainz.org/genres","contemporary r&b"
"1774426831-441","https://musicbrainz.org/genres","contenance angloise"
"1774426831-442","https://musicbrainz.org/genres","contra"
"1774426831-443","https://musicbrainz.org/genres","cool jazz"
"1774426831-444","https://musicbrainz.org/genres","coon song"
"1774426831-445","https://musicbrainz.org/genres","copla"
"1774426831-446","https://musicbrainz.org/genres","corrido"
"1774426831-447","https://musicbrainz.org/genres","corrido tumbado"
"1774426831-448","https://musicbrainz.org/genres","cosmic country"
"1774426831-449","https://musicbrainz.org/genres","country"
"1774426831-450","https://musicbrainz.org/genres","country and irish"
"1774426831-451","https://musicbrainz.org/genres","country blues"
"1774426831-452","https://musicbrainz.org/genres","country boogie"
"1774426831-453","https://musicbrainz.org/genres","country folk"
"1774426831-454","https://musicbrainz.org/genres","country gospel"
"1774426831-455","https://musicbrainz.org/genres","country pop"
"1774426831-456","https://musicbrainz.org/genres","country rap"
"1774426831-457","https://musicbrainz.org/genres","country rock"
"1774426831-458","https://musicbrainz.org/genres","country soul"
"1774426831-459","https://musicbrainz.org/genres","country yodeling"
"1774426831-460","https://musicbrainz.org/genres","countrypolitan"
"1774426831-461","https://musicbrainz.org/genres","coupé-décalé"
"1774426831-462","https://musicbrainz.org/genres","cowboy poetry"
"1774426831-463","https://musicbrainz.org/genres","cowpunk"
"1774426831-464","https://musicbrainz.org/genres","crack rock steady"
"1774426831-465","https://musicbrainz.org/genres","crime jazz"
"1774426831-466","https://musicbrainz.org/genres","crossbreed"
"1774426831-467","https://musicbrainz.org/genres","crossover jazz"
"1774426831-468","https://musicbrainz.org/genres","crossover prog"
"1774426831-469","https://musicbrainz.org/genres","crossover thrash"
"1774426831-470","https://musicbrainz.org/genres","cruise"
"1774426831-471","https://musicbrainz.org/genres","crunk"
"1774426831-472","https://musicbrainz.org/genres","crunkcore"
"1774426831-473","https://musicbrainz.org/genres","crust punk"
"1774426831-474","https://musicbrainz.org/genres","csárdás"
"1774426831-475","https://musicbrainz.org/genres","cuarteto"
"1774426831-476","https://musicbrainz.org/genres","cubatón"
"1774426831-477","https://musicbrainz.org/genres","cuddlecore"
"1774426831-478","https://musicbrainz.org/genres","cueca"
"1774426831-479","https://musicbrainz.org/genres","cumbia"
"1774426831-480","https://musicbrainz.org/genres","cumbia amazónica"
"1774426831-481","https://musicbrainz.org/genres","cumbia argentina"
"1774426831-482","https://musicbrainz.org/genres","cumbia chilena"
"1774426831-483","https://musicbrainz.org/genres","cumbia colombiana"
"1774426831-484","https://musicbrainz.org/genres","cumbia mexicana"
"1774426831-485","https://musicbrainz.org/genres","cumbia norteña mexicana"
"1774426831-486","https://musicbrainz.org/genres","cumbia peruana"
"1774426831-487","https://musicbrainz.org/genres","cumbia pop"
"1774426831-488","https://musicbrainz.org/genres","cumbia rebajada"
"1774426831-489","https://musicbrainz.org/genres","cumbia salvadoreña"
"1774426831-490","https://musicbrainz.org/genres","cumbia santafesina"
"1774426831-491","https://musicbrainz.org/genres","cumbia sonidera"
"1774426831-492","https://musicbrainz.org/genres","cumbia turra"
"1774426831-493","https://musicbrainz.org/genres","cumbia villera"
"1774426831-494","https://musicbrainz.org/genres","cumbiatón"
"1774426831-495","https://musicbrainz.org/genres","cuplé"
"1774426831-496","https://musicbrainz.org/genres","currulao"
"1774426831-497","https://musicbrainz.org/genres","cyber metal"
"1774426831-498","https://musicbrainz.org/genres","cybergrind"
"1774426831-499","https://musicbrainz.org/genres","cyberpunk"
"1774426831-500","https://musicbrainz.org/genres","d-beat"
"1774426831-501","https://musicbrainz.org/genres","dabke"
"1774426831-502","https://musicbrainz.org/genres","dance"
"1774426831-503","https://musicbrainz.org/genres","dance-pop"
"1774426831-504","https://musicbrainz.org/genres","dance-punk"
"1774426831-505","https://musicbrainz.org/genres","dance-punk revival"
"1774426831-506","https://musicbrainz.org/genres","dance-rock"
"1774426831-507","https://musicbrainz.org/genres","dancefloor drum and bass"
"1774426831-508","https://musicbrainz.org/genres","dancehall"
"1774426831-509","https://musicbrainz.org/genres","dangak"
"1774426831-510","https://musicbrainz.org/genres","dangdut"
"1774426831-511","https://musicbrainz.org/genres","danmono"
"1774426831-512","https://musicbrainz.org/genres","dansband"
"1774426831-513","https://musicbrainz.org/genres","dansktop"
"1774426831-514","https://musicbrainz.org/genres","danzón"
"1774426831-515","https://musicbrainz.org/genres","dariacore"
"1774426831-516","https://musicbrainz.org/genres","dark ambient"
"1774426831-517","https://musicbrainz.org/genres","dark cabaret"
"1774426831-518","https://musicbrainz.org/genres","dark disco"
"1774426831-519","https://musicbrainz.org/genres","dark electro"
"1774426831-520","https://musicbrainz.org/genres","dark folk"
"1774426831-521","https://musicbrainz.org/genres","dark jazz"
"1774426831-522","https://musicbrainz.org/genres","dark plugg"
"1774426831-523","https://musicbrainz.org/genres","dark psytrance"
"1774426831-524","https://musicbrainz.org/genres","dark wave"
"1774426831-525","https://musicbrainz.org/genres","darkcore"
"1774426831-526","https://musicbrainz.org/genres","darkcore edm"
"1774426831-527","https://musicbrainz.org/genres","darkstep"
"1774426831-528","https://musicbrainz.org/genres","darksynth"
"1774426831-529","https://musicbrainz.org/genres","data sonification"
"1774426831-530","https://musicbrainz.org/genres","death 'n' roll"
"1774426831-531","https://musicbrainz.org/genres","death industrial"
"1774426831-532","https://musicbrainz.org/genres","death metal"
"1774426831-533","https://musicbrainz.org/genres","death-doom metal"
"1774426831-534","https://musicbrainz.org/genres","deathchant hardcore"
"1774426831-535","https://musicbrainz.org/genres","deathcore"
"1774426831-536","https://musicbrainz.org/genres","deathgrind"
"1774426831-537","https://musicbrainz.org/genres","deathrock"
"1774426831-538","https://musicbrainz.org/genres","deathstep"
"1774426831-539","https://musicbrainz.org/genres","dechovka"
"1774426831-540","https://musicbrainz.org/genres","deconstructed club"
"1774426831-541","https://musicbrainz.org/genres","deejay"
"1774426831-542","https://musicbrainz.org/genres","deep drum and bass"
"1774426831-543","https://musicbrainz.org/genres","deep funk"
"1774426831-544","https://musicbrainz.org/genres","deep house"
"1774426831-545","https://musicbrainz.org/genres","deep soul"
"1774426831-546","https://musicbrainz.org/genres","deep tech"
"1774426831-547","https://musicbrainz.org/genres","deep techno"
"1774426831-548","https://musicbrainz.org/genres","delta blues"
"1774426831-549","https://musicbrainz.org/genres","dembow"
"1774426831-550","https://musicbrainz.org/genres","demostyle"
"1774426831-551","https://musicbrainz.org/genres","dennery segment"
"1774426831-552","https://musicbrainz.org/genres","denpa"
"1774426831-553","https://musicbrainz.org/genres","depressive black metal"
"1774426831-554","https://musicbrainz.org/genres","descarga"
"1774426831-555","https://musicbrainz.org/genres","desert blues"
"1774426831-556","https://musicbrainz.org/genres","desert rock"
"1774426831-557","https://musicbrainz.org/genres","desgarrada"
"1774426831-558","https://musicbrainz.org/genres","detroit techno"
"1774426831-559","https://musicbrainz.org/genres","detroit trap"
"1774426831-560","https://musicbrainz.org/genres","dhaanto"
"1774426831-561","https://musicbrainz.org/genres","dhol tasha"
"1774426831-562","https://musicbrainz.org/genres","dhrupad"
"1774426831-563","https://musicbrainz.org/genres","digicore"
"1774426831-564","https://musicbrainz.org/genres","digital cumbia"
"1774426831-565","https://musicbrainz.org/genres","digital fusion"
"1774426831-566","https://musicbrainz.org/genres","digital hardcore"
"1774426831-567","https://musicbrainz.org/genres","dikir barat"
"1774426831-568","https://musicbrainz.org/genres","dimotiko"
"1774426831-569","https://musicbrainz.org/genres","dirty south"
"1774426831-570","https://musicbrainz.org/genres","disco"
"1774426831-571","https://musicbrainz.org/genres","disco polo"
"1774426831-572","https://musicbrainz.org/genres","dissonant black metal"
"1774426831-573","https://musicbrainz.org/genres","dissonant death metal"
"1774426831-574","https://musicbrainz.org/genres","diva house"
"1774426831-575","https://musicbrainz.org/genres","divertissement"
"1774426831-576","https://musicbrainz.org/genres","dixieland"
"1774426831-577","https://musicbrainz.org/genres","djanba"
"1774426831-578","https://musicbrainz.org/genres","djent"
"1774426831-579","https://musicbrainz.org/genres","doble paso"
"1774426831-580","https://musicbrainz.org/genres","dobrado"
"1774426831-581","https://musicbrainz.org/genres","doina"
"1774426831-582","https://musicbrainz.org/genres","dondang sayang"
"1774426831-583","https://musicbrainz.org/genres","dongjing"
"1774426831-584","https://musicbrainz.org/genres","donk"
"1774426831-585","https://musicbrainz.org/genres","donosti sound"
"1774426831-586","https://musicbrainz.org/genres","doo-wop"
"1774426831-587","https://musicbrainz.org/genres","doom metal"
"1774426831-588","https://musicbrainz.org/genres","doomcore"
"1774426831-589","https://musicbrainz.org/genres","doomgaze"
"1774426831-590","https://musicbrainz.org/genres","doskpop"
"1774426831-591","https://musicbrainz.org/genres","downtempo"
"1774426831-592","https://musicbrainz.org/genres","downtempo deathcore"
"1774426831-593","https://musicbrainz.org/genres","dream pop"
"1774426831-594","https://musicbrainz.org/genres","dream trance"
"1774426831-595","https://musicbrainz.org/genres","dreampunk"
"1774426831-596","https://musicbrainz.org/genres","drift phonk"
"1774426831-597","https://musicbrainz.org/genres","drill"
"1774426831-598","https://musicbrainz.org/genres","drill and bass"
"1774426831-599","https://musicbrainz.org/genres","drinking song"
"1774426831-600","https://musicbrainz.org/genres","drone"
"1774426831-601","https://musicbrainz.org/genres","drone metal"
"1774426831-602","https://musicbrainz.org/genres","drum and bass"
"1774426831-603","https://musicbrainz.org/genres","drum and bugle corps"
"1774426831-604","https://musicbrainz.org/genres","drumfunk"
"1774426831-605","https://musicbrainz.org/genres","drumless hip hop"
"1774426831-606","https://musicbrainz.org/genres","drumline"
"1774426831-607","https://musicbrainz.org/genres","drumstep"
"1774426831-608","https://musicbrainz.org/genres","dub"
"1774426831-609","https://musicbrainz.org/genres","dub poetry"
"1774426831-610","https://musicbrainz.org/genres","dub techno"
"1774426831-611","https://musicbrainz.org/genres","dubstep"
"1774426831-612","https://musicbrainz.org/genres","dubstyle"
"1774426831-613","https://musicbrainz.org/genres","dubwise"
"1774426831-614","https://musicbrainz.org/genres","duma"
"1774426831-615","https://musicbrainz.org/genres","dunedin sound"
"1774426831-616","https://musicbrainz.org/genres","dungeon rap"
"1774426831-617","https://musicbrainz.org/genres","dungeon sound"
"1774426831-618","https://musicbrainz.org/genres","dungeon synth"
"1774426831-619","https://musicbrainz.org/genres","duranguense"
"1774426831-620","https://musicbrainz.org/genres","dutch house"
"1774426831-621","https://musicbrainz.org/genres","eai"
"1774426831-622","https://musicbrainz.org/genres","early hardstyle"
"1774426831-623","https://musicbrainz.org/genres","east coast hip hop"
"1774426831-624","https://musicbrainz.org/genres","eastern-style polka"
"1774426831-625","https://musicbrainz.org/genres","easy listening"
"1774426831-626","https://musicbrainz.org/genres","easycore"
"1774426831-627","https://musicbrainz.org/genres","ebm"
"1774426831-628","https://musicbrainz.org/genres","eccojams"
"1774426831-629","https://musicbrainz.org/genres","edm"
"1774426831-630","https://musicbrainz.org/genres","electric blues"
"1774426831-631","https://musicbrainz.org/genres","electric texas blues"
"1774426831-632","https://musicbrainz.org/genres","electro"
"1774426831-633","https://musicbrainz.org/genres","electro hop"
"1774426831-634","https://musicbrainz.org/genres","electro house"
"1774426831-635","https://musicbrainz.org/genres","electro latino"
"1774426831-636","https://musicbrainz.org/genres","electro swing"
"1774426831-637","https://musicbrainz.org/genres","electro-disco"
"1774426831-638","https://musicbrainz.org/genres","electro-funk"
"1774426831-639","https://musicbrainz.org/genres","electro-industrial"
"1774426831-640","https://musicbrainz.org/genres","electroacoustic"
"1774426831-641","https://musicbrainz.org/genres","electroclash"
"1774426831-642","https://musicbrainz.org/genres","electronic"
"1774426831-643","https://musicbrainz.org/genres","electronic rock"
"1774426831-644","https://musicbrainz.org/genres","electronica"
"1774426831-645","https://musicbrainz.org/genres","electronicore"
"1774426831-646","https://musicbrainz.org/genres","electropop"
"1774426831-647","https://musicbrainz.org/genres","electropunk"
"1774426831-648","https://musicbrainz.org/genres","electrotango"
"1774426831-649","https://musicbrainz.org/genres","eleki"
"1774426831-650","https://musicbrainz.org/genres","eletrofunk"
"1774426831-651","https://musicbrainz.org/genres","embolada"
"1774426831-652","https://musicbrainz.org/genres","emo"
"1774426831-653","https://musicbrainz.org/genres","emo pop"
"1774426831-654","https://musicbrainz.org/genres","emo rap"
"1774426831-655","https://musicbrainz.org/genres","emocore"
"1774426831-656","https://musicbrainz.org/genres","emoviolence"
"1774426831-657","https://musicbrainz.org/genres","english pastoral school"
"1774426831-658","https://musicbrainz.org/genres","enka"
"1774426831-659","https://musicbrainz.org/genres","éntekhno"
"1774426831-660","https://musicbrainz.org/genres","epic collage"
"1774426831-661","https://musicbrainz.org/genres","epic doom metal"
"1774426831-662","https://musicbrainz.org/genres","estrada"
"1774426831-663","https://musicbrainz.org/genres","ethereal wave"
"1774426831-664","https://musicbrainz.org/genres","ethio-jazz"
"1774426831-665","https://musicbrainz.org/genres","étude"
"1774426831-666","https://musicbrainz.org/genres","euphoric hardstyle"
"1774426831-667","https://musicbrainz.org/genres","euro house"
"1774426831-668","https://musicbrainz.org/genres","euro-disco"
"1774426831-669","https://musicbrainz.org/genres","euro-trance"
"1774426831-670","https://musicbrainz.org/genres","eurobeat"
"1774426831-671","https://musicbrainz.org/genres","eurodance"
"1774426831-672","https://musicbrainz.org/genres","europop"
"1774426831-673","https://musicbrainz.org/genres","euskal kantagintza berria"
"1774426831-674","https://musicbrainz.org/genres","exotica"
"1774426831-675","https://musicbrainz.org/genres","experimental"
"1774426831-676","https://musicbrainz.org/genres","experimental big band"
"1774426831-677","https://musicbrainz.org/genres","experimental electronic"
"1774426831-678","https://musicbrainz.org/genres","experimental hip hop"
"1774426831-679","https://musicbrainz.org/genres","experimental rock"
"1774426831-680","https://musicbrainz.org/genres","expressionism"
"1774426831-681","https://musicbrainz.org/genres","extratone"
"1774426831-682","https://musicbrainz.org/genres","fado"
"1774426831-683","https://musicbrainz.org/genres","fado de coimbra"
"1774426831-684","https://musicbrainz.org/genres","fairy tale"
"1774426831-685","https://musicbrainz.org/genres","fakaseasea"
"1774426831-686","https://musicbrainz.org/genres","falak"
"1774426831-687","https://musicbrainz.org/genres","famo"
"1774426831-688","https://musicbrainz.org/genres","fandango"
"1774426831-689","https://musicbrainz.org/genres","fandango caiçara"
"1774426831-690","https://musicbrainz.org/genres","fantasia"
"1774426831-691","https://musicbrainz.org/genres","fantezi"
"1774426831-692","https://musicbrainz.org/genres","festejo"
"1774426831-693","https://musicbrainz.org/genres","festival progressive house"
"1774426831-694","https://musicbrainz.org/genres","festival trap"
"1774426831-695","https://musicbrainz.org/genres","fidget house"
"1774426831-696","https://musicbrainz.org/genres","field recording"
"1774426831-697","https://musicbrainz.org/genres","fife and drum"
"1774426831-698","https://musicbrainz.org/genres","fife and drum blues"
"1774426831-699","https://musicbrainz.org/genres","fijiri"
"1774426831-700","https://musicbrainz.org/genres","filin"
"1774426831-701","https://musicbrainz.org/genres","filipino rondalla"
"1774426831-702","https://musicbrainz.org/genres","filk"
"1774426831-703","https://musicbrainz.org/genres","filmi"
"1774426831-704","https://musicbrainz.org/genres","finnish tango"
"1774426831-705","https://musicbrainz.org/genres","flamenco"
"1774426831-706","https://musicbrainz.org/genres","flamenco jazz"
"1774426831-707","https://musicbrainz.org/genres","flamenco pop"
"1774426831-708","https://musicbrainz.org/genres","flashcore"
"1774426831-709","https://musicbrainz.org/genres","flex dance music"
"1774426831-710","https://musicbrainz.org/genres","florida breaks"
"1774426831-711","https://musicbrainz.org/genres","fm synthesis"
"1774426831-712","https://musicbrainz.org/genres","folk"
"1774426831-713","https://musicbrainz.org/genres","folk metal"
"1774426831-714","https://musicbrainz.org/genres","folk pop"
"1774426831-715","https://musicbrainz.org/genres","folk punk"
"1774426831-716","https://musicbrainz.org/genres","folk rock"
"1774426831-717","https://musicbrainz.org/genres","folkhop"
"1774426831-718","https://musicbrainz.org/genres","folktronica"
"1774426831-719","https://musicbrainz.org/genres","fon leb"
"1774426831-720","https://musicbrainz.org/genres","football chant"
"1774426831-721","https://musicbrainz.org/genres","footwork"
"1774426831-722","https://musicbrainz.org/genres","footwork jungle"
"1774426831-723","https://musicbrainz.org/genres","forest psytrance"
"1774426831-724","https://musicbrainz.org/genres","forró"
"1774426831-725","https://musicbrainz.org/genres","forró de favela"
"1774426831-726","https://musicbrainz.org/genres","forró eletrônico"
"1774426831-727","https://musicbrainz.org/genres","forró universitário"
"1774426831-728","https://musicbrainz.org/genres","frapcore"
"1774426831-729","https://musicbrainz.org/genres","frat rap"
"1774426831-730","https://musicbrainz.org/genres","frat rock"
"1774426831-731","https://musicbrainz.org/genres","freak folk"
"1774426831-732","https://musicbrainz.org/genres","freakbeat"
"1774426831-733","https://musicbrainz.org/genres","free car music"
"1774426831-734","https://musicbrainz.org/genres","free folk"
"1774426831-735","https://musicbrainz.org/genres","free improvisation"
"1774426831-736","https://musicbrainz.org/genres","free jazz"
"1774426831-737","https://musicbrainz.org/genres","free tekno"
"1774426831-738","https://musicbrainz.org/genres","freeform hardcore"
"1774426831-739","https://musicbrainz.org/genres","freestyle"
"1774426831-740","https://musicbrainz.org/genres","french electro"
"1774426831-741","https://musicbrainz.org/genres","french house"
"1774426831-742","https://musicbrainz.org/genres","frenchcore"
"1774426831-743","https://musicbrainz.org/genres","frevo"
"1774426831-744","https://musicbrainz.org/genres","frevo de bloco"
"1774426831-745","https://musicbrainz.org/genres","frevo de rua"
"1774426831-746","https://musicbrainz.org/genres","frevo elétrico"
"1774426831-747","https://musicbrainz.org/genres","frevo-canção"
"1774426831-748","https://musicbrainz.org/genres","fugue"
"1774426831-749","https://musicbrainz.org/genres","fuji"
"1774426831-750","https://musicbrainz.org/genres","full-on"
"1774426831-751","https://musicbrainz.org/genres","funaná"
"1774426831-752","https://musicbrainz.org/genres","funeral doom metal"
"1774426831-753","https://musicbrainz.org/genres","funeral march"
"1774426831-754","https://musicbrainz.org/genres","fungi"
"1774426831-755","https://musicbrainz.org/genres","funk"
"1774426831-756","https://musicbrainz.org/genres","funk automotivo"
"1774426831-757","https://musicbrainz.org/genres","funk brasileiro"
"1774426831-758","https://musicbrainz.org/genres","funk carioca"
"1774426831-759","https://musicbrainz.org/genres","funk consciente"
"1774426831-760","https://musicbrainz.org/genres","funk de bh"
"1774426831-761","https://musicbrainz.org/genres","funk mandelão"
"1774426831-762","https://musicbrainz.org/genres","funk melody"
"1774426831-763","https://musicbrainz.org/genres","funk metal"
"1774426831-764","https://musicbrainz.org/genres","funk ostentação"
"1774426831-765","https://musicbrainz.org/genres","funk proibidão"
"1774426831-766","https://musicbrainz.org/genres","funk rock"
"1774426831-767","https://musicbrainz.org/genres","funknejo"
"1774426831-768","https://musicbrainz.org/genres","funkot"
"1774426831-769","https://musicbrainz.org/genres","funktronica"
"1774426831-770","https://musicbrainz.org/genres","funky breaks"
"1774426831-771","https://musicbrainz.org/genres","funky house"
"1774426831-772","https://musicbrainz.org/genres","fusion gugak"
"1774426831-773","https://musicbrainz.org/genres","future bass"
"1774426831-774","https://musicbrainz.org/genres","future bounce"
"1774426831-775","https://musicbrainz.org/genres","future core"
"1774426831-776","https://musicbrainz.org/genres","future funk"
"1774426831-777","https://musicbrainz.org/genres","future garage"
"1774426831-778","https://musicbrainz.org/genres","future house"
"1774426831-779","https://musicbrainz.org/genres","future rave"
"1774426831-780","https://musicbrainz.org/genres","future riddim"
"1774426831-781","https://musicbrainz.org/genres","futurepop"
"1774426831-782","https://musicbrainz.org/genres","futurism"
"1774426831-783","https://musicbrainz.org/genres","g-funk"
"1774426831-784","https://musicbrainz.org/genres","g-house"
"1774426831-785","https://musicbrainz.org/genres","gaana"
"1774426831-786","https://musicbrainz.org/genres","gabber"
"1774426831-787","https://musicbrainz.org/genres","gaelic psalm singing"
"1774426831-788","https://musicbrainz.org/genres","gagaku"
"1774426831-789","https://musicbrainz.org/genres","gagok"
"1774426831-790","https://musicbrainz.org/genres","gaita zuliana"
"1774426831-791","https://musicbrainz.org/genres","gallican chant"
"1774426831-792","https://musicbrainz.org/genres","gambang kromong"
"1774426831-793","https://musicbrainz.org/genres","gamelan"
"1774426831-794","https://musicbrainz.org/genres","gamelan angklung"
"1774426831-795","https://musicbrainz.org/genres","gamelan beleganjur"
"1774426831-796","https://musicbrainz.org/genres","gamelan degung"
"1774426831-797","https://musicbrainz.org/genres","gamelan gender wayang"
"1774426831-798","https://musicbrainz.org/genres","gamelan gong gede"
"1774426831-799","https://musicbrainz.org/genres","gamelan gong kebyar"
"1774426831-800","https://musicbrainz.org/genres","gamelan jegog"
"1774426831-801","https://musicbrainz.org/genres","gamelan joged bumbung"
"1774426831-802","https://musicbrainz.org/genres","gamelan salendro"
"1774426831-803","https://musicbrainz.org/genres","gamelan sekaten"
"1774426831-804","https://musicbrainz.org/genres","gamelan selunding"
"1774426831-805","https://musicbrainz.org/genres","gamelan semar pegulingan"
"1774426831-806","https://musicbrainz.org/genres","gamelan siteran"
"1774426831-807","https://musicbrainz.org/genres","gamelan surakarta"
"1774426831-808","https://musicbrainz.org/genres","gangsta rap"
"1774426831-809","https://musicbrainz.org/genres","garage house"
"1774426831-810","https://musicbrainz.org/genres","garage psych"
"1774426831-811","https://musicbrainz.org/genres","garage punk"
"1774426831-812","https://musicbrainz.org/genres","garage rock"
"1774426831-813","https://musicbrainz.org/genres","garage rock revival"
"1774426831-814","https://musicbrainz.org/genres","garba"
"1774426831-815","https://musicbrainz.org/genres","geek rock"
"1774426831-816","https://musicbrainz.org/genres","género chico"
"1774426831-817","https://musicbrainz.org/genres","género grande"
"1774426831-818","https://musicbrainz.org/genres","genge"
"1774426831-819","https://musicbrainz.org/genres","gengetone"
"1774426831-820","https://musicbrainz.org/genres","għana"
"1774426831-821","https://musicbrainz.org/genres","ghazal"
"1774426831-822","https://musicbrainz.org/genres","ghetto funk"
"1774426831-823","https://musicbrainz.org/genres","ghetto house"
"1774426831-824","https://musicbrainz.org/genres","ghettotech"
"1774426831-825","https://musicbrainz.org/genres","ginan"
"1774426831-826","https://musicbrainz.org/genres","glam"
"1774426831-827","https://musicbrainz.org/genres","glam metal"
"1774426831-828","https://musicbrainz.org/genres","glam punk"
"1774426831-829","https://musicbrainz.org/genres","glam rock"
"1774426831-830","https://musicbrainz.org/genres","glitch"
"1774426831-831","https://musicbrainz.org/genres","glitch hop"
"1774426831-832","https://musicbrainz.org/genres","glitch hop edm"
"1774426831-833","https://musicbrainz.org/genres","glitch pop"
"1774426831-834","https://musicbrainz.org/genres","gnawa"
"1774426831-835","https://musicbrainz.org/genres","go-go"
"1774426831-836","https://musicbrainz.org/genres","goa trance"
"1774426831-837","https://musicbrainz.org/genres","gommance"
"1774426831-838","https://musicbrainz.org/genres","gondang"
"1774426831-839","https://musicbrainz.org/genres","goombay"
"1774426831-840","https://musicbrainz.org/genres","goregrind"
"1774426831-841","https://musicbrainz.org/genres","gorenoise"
"1774426831-842","https://musicbrainz.org/genres","gospel"
"1774426831-843","https://musicbrainz.org/genres","gospel house"
"1774426831-844","https://musicbrainz.org/genres","gospel reggae"
"1774426831-845","https://musicbrainz.org/genres","gothic"
"1774426831-846","https://musicbrainz.org/genres","gothic country"
"1774426831-847","https://musicbrainz.org/genres","gothic metal"
"1774426831-848","https://musicbrainz.org/genres","gothic rock"
"1774426831-849","https://musicbrainz.org/genres","gqom"
"1774426831-850","https://musicbrainz.org/genres","grand opera"
"1774426831-851","https://musicbrainz.org/genres","graphical sound"
"1774426831-852","https://musicbrainz.org/genres","grebo"
"1774426831-853","https://musicbrainz.org/genres","gregorian chant"
"1774426831-854","https://musicbrainz.org/genres","grime"
"1774426831-855","https://musicbrainz.org/genres","grindcore"
"1774426831-856","https://musicbrainz.org/genres","griot"
"1774426831-857","https://musicbrainz.org/genres","groove metal"
"1774426831-858","https://musicbrainz.org/genres","group sounds"
"1774426831-859","https://musicbrainz.org/genres","grunge"
"1774426831-860","https://musicbrainz.org/genres","grupera"
"1774426831-861","https://musicbrainz.org/genres","gstanzl"
"1774426831-862","https://musicbrainz.org/genres","guaguancó"
"1774426831-863","https://musicbrainz.org/genres","guajira"
"1774426831-864","https://musicbrainz.org/genres","guangdong yinyue"
"1774426831-865","https://musicbrainz.org/genres","guaracha"
"1774426831-866","https://musicbrainz.org/genres","guaracha edm"
"1774426831-867","https://musicbrainz.org/genres","guaracha santiagueña"
"1774426831-868","https://musicbrainz.org/genres","guarania"
"1774426831-869","https://musicbrainz.org/genres","gufeng"
"1774426831-870","https://musicbrainz.org/genres","guggenmusik"
"1774426831-871","https://musicbrainz.org/genres","guided meditation"
"1774426831-872","https://musicbrainz.org/genres","guitarrada"
"1774426831-873","https://musicbrainz.org/genres","gumbe"
"1774426831-874","https://musicbrainz.org/genres","guoyue"
"1774426831-875","https://musicbrainz.org/genres","gwo ka"
"1774426831-876","https://musicbrainz.org/genres","gypsy jazz"
"1774426831-877","https://musicbrainz.org/genres","gypsy punk"
"1774426831-878","https://musicbrainz.org/genres","habanera"
"1774426831-879","https://musicbrainz.org/genres","haitian vodou drumming"
"1774426831-880","https://musicbrainz.org/genres","halftime"
"1774426831-881","https://musicbrainz.org/genres","hambo"
"1774426831-882","https://musicbrainz.org/genres","hamburger schule"
"1774426831-883","https://musicbrainz.org/genres","hands up"
"1774426831-884","https://musicbrainz.org/genres","hanmai"
"1774426831-885","https://musicbrainz.org/genres","haozi"
"1774426831-886","https://musicbrainz.org/genres","hapa haole"
"1774426831-887","https://musicbrainz.org/genres","happy hardcore"
"1774426831-888","https://musicbrainz.org/genres","harana"
"1774426831-889","https://musicbrainz.org/genres","harawi"
"1774426831-890","https://musicbrainz.org/genres","hard beat"
"1774426831-891","https://musicbrainz.org/genres","hard bop"
"1774426831-892","https://musicbrainz.org/genres","hard drum"
"1774426831-893","https://musicbrainz.org/genres","hard house"
"1774426831-894","https://musicbrainz.org/genres","hard nrg"
"1774426831-895","https://musicbrainz.org/genres","hard rock"
"1774426831-896","https://musicbrainz.org/genres","hard techno"
"1774426831-897","https://musicbrainz.org/genres","hard trance"
"1774426831-898","https://musicbrainz.org/genres","hard trap"
"1774426831-899","https://musicbrainz.org/genres","hardbag"
"1774426831-900","https://musicbrainz.org/genres","hardbass"
"1774426831-901","https://musicbrainz.org/genres","hardcore breaks"
"1774426831-902","https://musicbrainz.org/genres","hardcore hip hop"
"1774426831-903","https://musicbrainz.org/genres","hardcore punk"
"1774426831-904","https://musicbrainz.org/genres","hardcore techno"
"1774426831-905","https://musicbrainz.org/genres","hardgroove techno"
"1774426831-906","https://musicbrainz.org/genres","hardstep"
"1774426831-907","https://musicbrainz.org/genres","hardstyle"
"1774426831-908","https://musicbrainz.org/genres","hardvapour"
"1774426831-909","https://musicbrainz.org/genres","hardwave"
"1774426831-910","https://musicbrainz.org/genres","harsh noise"
"1774426831-911","https://musicbrainz.org/genres","harsh noise wall"
"1774426831-912","https://musicbrainz.org/genres","hát tuồng"
"1774426831-913","https://musicbrainz.org/genres","hauntology"
"1774426831-914","https://musicbrainz.org/genres","heartland rock"
"1774426831-915","https://musicbrainz.org/genres","heaven trap"
"1774426831-916","https://musicbrainz.org/genres","heavy metal"
"1774426831-917","https://musicbrainz.org/genres","heavy psych"
"1774426831-918","https://musicbrainz.org/genres","heikyoku"
"1774426831-919","https://musicbrainz.org/genres","henan opera"
"1774426831-920","https://musicbrainz.org/genres","hexd"
"1774426831-921","https://musicbrainz.org/genres","hi-nrg"
"1774426831-922","https://musicbrainz.org/genres","hi-tech"
"1774426831-923","https://musicbrainz.org/genres","hi-tech full-on"
"1774426831-924","https://musicbrainz.org/genres","highlife"
"1774426831-925","https://musicbrainz.org/genres","hill country blues"
"1774426831-926","https://musicbrainz.org/genres","himene tarava"
"1774426831-927","https://musicbrainz.org/genres","hindustani classical"
"1774426831-928","https://musicbrainz.org/genres","hip hop"
"1774426831-929","https://musicbrainz.org/genres","hip hop soul"
"1774426831-930","https://musicbrainz.org/genres","hip house"
"1774426831-931","https://musicbrainz.org/genres","hipco"
"1774426831-932","https://musicbrainz.org/genres","hiplife"
"1774426831-933","https://musicbrainz.org/genres","holy minimalism"
"1774426831-934","https://musicbrainz.org/genres","honky tonk"
"1774426831-935","https://musicbrainz.org/genres","honkyoku"
"1774426831-936","https://musicbrainz.org/genres","hopepunk"
"1774426831-937","https://musicbrainz.org/genres","horror punk"
"1774426831-938","https://musicbrainz.org/genres","horror synth"
"1774426831-939","https://musicbrainz.org/genres","horrorcore"
"1774426831-940","https://musicbrainz.org/genres","hot rod music"
"1774426831-941","https://musicbrainz.org/genres","house"
"1774426831-942","https://musicbrainz.org/genres","houston sound"
"1774426831-943","https://musicbrainz.org/genres","huapango"
"1774426831-944","https://musicbrainz.org/genres","huaylarsh"
"1774426831-945","https://musicbrainz.org/genres","huayno"
"1774426831-946","https://musicbrainz.org/genres","humppa"
"1774426831-947","https://musicbrainz.org/genres","hungarian folk"
"1774426831-948","https://musicbrainz.org/genres","hyangak"
"1774426831-949","https://musicbrainz.org/genres","hybrid trap"
"1774426831-950","https://musicbrainz.org/genres","hyper techno"
"1774426831-951","https://musicbrainz.org/genres","hyperpop"
"1774426831-952","https://musicbrainz.org/genres","hypertechno"
"1774426831-953","https://musicbrainz.org/genres","hyphy"
"1774426831-954","https://musicbrainz.org/genres","hypnagogic pop"
"1774426831-955","https://musicbrainz.org/genres","iavnana"
"1774426831-956","https://musicbrainz.org/genres","idm"
"1774426831-957","https://musicbrainz.org/genres","idol kayō"
"1774426831-958","https://musicbrainz.org/genres","illbient"
"1774426831-959","https://musicbrainz.org/genres","impressionism"
"1774426831-960","https://musicbrainz.org/genres","impromptu"
"1774426831-961","https://musicbrainz.org/genres","indeterminacy"
"1774426831-962","https://musicbrainz.org/genres","indian classical"
"1774426831-963","https://musicbrainz.org/genres","indian pop"
"1774426831-964","https://musicbrainz.org/genres","indie folk"
"1774426831-965","https://musicbrainz.org/genres","indie pop"
"1774426831-966","https://musicbrainz.org/genres","indie rock"
"1774426831-967","https://musicbrainz.org/genres","indie surf"
"1774426831-968","https://musicbrainz.org/genres","indietronica"
"1774426831-969","https://musicbrainz.org/genres","indo jazz"
"1774426831-970","https://musicbrainz.org/genres","indorock"
"1774426831-971","https://musicbrainz.org/genres","industrial"
"1774426831-972","https://musicbrainz.org/genres","industrial folk song"
"1774426831-973","https://musicbrainz.org/genres","industrial hardcore"
"1774426831-974","https://musicbrainz.org/genres","industrial hip hop"
"1774426831-975","https://musicbrainz.org/genres","industrial metal"
"1774426831-976","https://musicbrainz.org/genres","industrial musical"
"1774426831-977","https://musicbrainz.org/genres","industrial rock"
"1774426831-978","https://musicbrainz.org/genres","industrial techno"
"1774426831-979","https://musicbrainz.org/genres","instrumental"
"1774426831-980","https://musicbrainz.org/genres","instrumental hip hop"
"1774426831-981","https://musicbrainz.org/genres","instrumental jazz"
"1774426831-982","https://musicbrainz.org/genres","instrumental rock"
"1774426831-983","https://musicbrainz.org/genres","integral serialism"
"1774426831-984","https://musicbrainz.org/genres","interview"
"1774426831-985","https://musicbrainz.org/genres","iraqi maqam"
"1774426831-986","https://musicbrainz.org/genres","irish folk"
"1774426831-987","https://musicbrainz.org/genres","isa"
"1774426831-988","https://musicbrainz.org/genres","isicathamiya"
"1774426831-989","https://musicbrainz.org/genres","islamic modal music"
"1774426831-990","https://musicbrainz.org/genres","italo dance"
"1774426831-991","https://musicbrainz.org/genres","italo house"
"1774426831-992","https://musicbrainz.org/genres","italo-disco"
"1774426831-993","https://musicbrainz.org/genres","izlan"
"1774426831-994","https://musicbrainz.org/genres","izvorna bosanska muzika"
"1774426831-995","https://musicbrainz.org/genres","j-core"
"1774426831-996","https://musicbrainz.org/genres","j-euro"
"1774426831-997","https://musicbrainz.org/genres","j-pop"
"1774426831-998","https://musicbrainz.org/genres","j-rock"
"1774426831-999","https://musicbrainz.org/genres","jácara"
"1774426831-1000","https://musicbrainz.org/genres","jackin house"
"1774426831-1001","https://musicbrainz.org/genres","jaipongan"
"1774426831-1002","https://musicbrainz.org/genres","jam band"
"1774426831-1003","https://musicbrainz.org/genres","jamaican ska"
"1774426831-1004","https://musicbrainz.org/genres","james bay fiddling"
"1774426831-1005","https://musicbrainz.org/genres","jamgrass"
"1774426831-1006","https://musicbrainz.org/genres","jangle pop"
"1774426831-1007","https://musicbrainz.org/genres","japanese classical"
"1774426831-1008","https://musicbrainz.org/genres","javanese gamelan"
"1774426831-1009","https://musicbrainz.org/genres","jawaiian"
"1774426831-1010","https://musicbrainz.org/genres","jazz"
"1774426831-1011","https://musicbrainz.org/genres","jazz blues"
"1774426831-1012","https://musicbrainz.org/genres","jazz fusion"
"1774426831-1013","https://musicbrainz.org/genres","jazz guachaca"
"1774426831-1014","https://musicbrainz.org/genres","jazz house"
"1774426831-1015","https://musicbrainz.org/genres","jazz mugham"
"1774426831-1016","https://musicbrainz.org/genres","jazz poetry"
"1774426831-1017","https://musicbrainz.org/genres","jazz pop"
"1774426831-1018","https://musicbrainz.org/genres","jazz rap"
"1774426831-1019","https://musicbrainz.org/genres","jazz rock"
"1774426831-1020","https://musicbrainz.org/genres","jazz-funk"
"1774426831-1021","https://musicbrainz.org/genres","jazzstep"
"1774426831-1022","https://musicbrainz.org/genres","jeongak"
"1774426831-1023","https://musicbrainz.org/genres","jerk"
"1774426831-1024","https://musicbrainz.org/genres","jerk rap"
"1774426831-1025","https://musicbrainz.org/genres","jersey club"
"1774426831-1026","https://musicbrainz.org/genres","jersey club rap"
"1774426831-1027","https://musicbrainz.org/genres","jersey drill"
"1774426831-1028","https://musicbrainz.org/genres","jersey sound"
"1774426831-1029","https://musicbrainz.org/genres","jesus music"
"1774426831-1030","https://musicbrainz.org/genres","jiangnan sizhu"
"1774426831-1031","https://musicbrainz.org/genres","jit"
"1774426831-1032","https://musicbrainz.org/genres","jiuta"
"1774426831-1033","https://musicbrainz.org/genres","joik"
"1774426831-1034","https://musicbrainz.org/genres","jongo"
"1774426831-1035","https://musicbrainz.org/genres","joropo"
"1774426831-1036","https://musicbrainz.org/genres","jōruri"
"1774426831-1037","https://musicbrainz.org/genres","jota"
"1774426831-1038","https://musicbrainz.org/genres","jovem guarda"
"1774426831-1039","https://musicbrainz.org/genres","jubilee"
"1774426831-1040","https://musicbrainz.org/genres","jug band"
"1774426831-1041","https://musicbrainz.org/genres","jùjú"
"1774426831-1042","https://musicbrainz.org/genres","juke"
"1774426831-1043","https://musicbrainz.org/genres","jump blues"
"1774426831-1044","https://musicbrainz.org/genres","jump up"
"1774426831-1045","https://musicbrainz.org/genres","jumpstyle"
"1774426831-1046","https://musicbrainz.org/genres","jungle"
"1774426831-1047","https://musicbrainz.org/genres","jungle dutch"
"1774426831-1048","https://musicbrainz.org/genres","jungle terror"
"1774426831-1049","https://musicbrainz.org/genres","junkanoo"
"1774426831-1050","https://musicbrainz.org/genres","k-pop"
"1774426831-1051","https://musicbrainz.org/genres","kabarett"
"1774426831-1052","https://musicbrainz.org/genres","kacapi suling"
"1774426831-1053","https://musicbrainz.org/genres","kadongo kamu"
"1774426831-1054","https://musicbrainz.org/genres","kafi"
"1774426831-1055","https://musicbrainz.org/genres","kagura"
"1774426831-1056","https://musicbrainz.org/genres","kai"
"1774426831-1057","https://musicbrainz.org/genres","kakawin"
"1774426831-1058","https://musicbrainz.org/genres","kalattut"
"1774426831-1059","https://musicbrainz.org/genres","kalindula"
"1774426831-1060","https://musicbrainz.org/genres","kalon'ny fahiny"
"1774426831-1061","https://musicbrainz.org/genres","kan ha diskan"
"1774426831-1062","https://musicbrainz.org/genres","kaneka"
"1774426831-1063","https://musicbrainz.org/genres","kankyō ongaku"
"1774426831-1064","https://musicbrainz.org/genres","kantan chamorrita"
"1774426831-1065","https://musicbrainz.org/genres","kanto"
"1774426831-1066","https://musicbrainz.org/genres","kantruem"
"1774426831-1067","https://musicbrainz.org/genres","kapuka"
"1774426831-1068","https://musicbrainz.org/genres","kaseko"
"1774426831-1069","https://musicbrainz.org/genres","kasékò"
"1774426831-1070","https://musicbrainz.org/genres","kawaii future bass"
"1774426831-1071","https://musicbrainz.org/genres","kawaii metal"
"1774426831-1072","https://musicbrainz.org/genres","kayōkyoku"
"1774426831-1073","https://musicbrainz.org/genres","kecak"
"1774426831-1074","https://musicbrainz.org/genres","keroncong"
"1774426831-1075","https://musicbrainz.org/genres","kete"
"1774426831-1076","https://musicbrainz.org/genres","ketuk tilu"
"1774426831-1077","https://musicbrainz.org/genres","khrueang sai"
"1774426831-1078","https://musicbrainz.org/genres","khyal"
"1774426831-1079","https://musicbrainz.org/genres","kidandali"
"1774426831-1080","https://musicbrainz.org/genres","kidumbak"
"1774426831-1081","https://musicbrainz.org/genres","kilapanga"
"1774426831-1082","https://musicbrainz.org/genres","kirtan"
"1774426831-1083","https://musicbrainz.org/genres","kizomba"
"1774426831-1084","https://musicbrainz.org/genres","klapa"
"1774426831-1085","https://musicbrainz.org/genres","klasik"
"1774426831-1086","https://musicbrainz.org/genres","kleinkunst"
"1774426831-1087","https://musicbrainz.org/genres","klezmer"
"1774426831-1088","https://musicbrainz.org/genres","kliningan"
"1774426831-1089","https://musicbrainz.org/genres","konnakol"
"1774426831-1090","https://musicbrainz.org/genres","könsrock"
"1774426831-1091","https://musicbrainz.org/genres","kontakion"
"1774426831-1092","https://musicbrainz.org/genres","koplo"
"1774426831-1093","https://musicbrainz.org/genres","korean ballad"
"1774426831-1094","https://musicbrainz.org/genres","korean classical"
"1774426831-1095","https://musicbrainz.org/genres","korean revolutionary opera"
"1774426831-1096","https://musicbrainz.org/genres","kouta"
"1774426831-1097","https://musicbrainz.org/genres","krakowiak"
"1774426831-1098","https://musicbrainz.org/genres","krautrock"
"1774426831-1099","https://musicbrainz.org/genres","kréyol djaz"
"1774426831-1100","https://musicbrainz.org/genres","krushclub"
"1774426831-1101","https://musicbrainz.org/genres","kuda lumping"
"1774426831-1102","https://musicbrainz.org/genres","kuduro"
"1774426831-1103","https://musicbrainz.org/genres","kujawiak"
"1774426831-1104","https://musicbrainz.org/genres","kulintang"
"1774426831-1105","https://musicbrainz.org/genres","kumi-daiko"
"1774426831-1106","https://musicbrainz.org/genres","kumiuta"
"1774426831-1107","https://musicbrainz.org/genres","kundiman"
"1774426831-1108","https://musicbrainz.org/genres","kunqu"
"1774426831-1109","https://musicbrainz.org/genres","kwaito"
"1774426831-1110","https://musicbrainz.org/genres","kwassa kwassa"
"1774426831-1111","https://musicbrainz.org/genres","kwela"
"1774426831-1112","https://musicbrainz.org/genres","kyivan chant"
"1774426831-1113","https://musicbrainz.org/genres","laiko"
"1774426831-1114","https://musicbrainz.org/genres","lambada"
"1774426831-1115","https://musicbrainz.org/genres","ländlermusik"
"1774426831-1116","https://musicbrainz.org/genres","landó"
"1774426831-1117","https://musicbrainz.org/genres","langgam jawa"
"1774426831-1118","https://musicbrainz.org/genres","latin"
"1774426831-1119","https://musicbrainz.org/genres","latin ballad"
"1774426831-1120","https://musicbrainz.org/genres","latin disco"
"1774426831-1121","https://musicbrainz.org/genres","latin funk"
"1774426831-1122","https://musicbrainz.org/genres","latin house"
"1774426831-1123","https://musicbrainz.org/genres","latin jazz"
"1774426831-1124","https://musicbrainz.org/genres","latin pop"
"1774426831-1125","https://musicbrainz.org/genres","latin rock"
"1774426831-1126","https://musicbrainz.org/genres","latin soul"
"1774426831-1127","https://musicbrainz.org/genres","lauda"
"1774426831-1128","https://musicbrainz.org/genres","lavani"
"1774426831-1129","https://musicbrainz.org/genres","lecture"
"1774426831-1130","https://musicbrainz.org/genres","leftfield"
"1774426831-1131","https://musicbrainz.org/genres","lento violento"
"1774426831-1132","https://musicbrainz.org/genres","levenslied"
"1774426831-1133","https://musicbrainz.org/genres","lied"
"1774426831-1134","https://musicbrainz.org/genres","liedermacher"
"1774426831-1135","https://musicbrainz.org/genres","liquid funk"
"1774426831-1136","https://musicbrainz.org/genres","liquid riddim"
"1774426831-1137","https://musicbrainz.org/genres","liscio"
"1774426831-1138","https://musicbrainz.org/genres","livetronica"
"1774426831-1139","https://musicbrainz.org/genres","liwa"
"1774426831-1140","https://musicbrainz.org/genres","lo-fi"
"1774426831-1141","https://musicbrainz.org/genres","lo-fi hip hop"
"1774426831-1142","https://musicbrainz.org/genres","lo-fi house"
"1774426831-1143","https://musicbrainz.org/genres","lolicore"
"1774426831-1144","https://musicbrainz.org/genres","loner folk"
"1774426831-1145","https://musicbrainz.org/genres","loud kei"
"1774426831-1146","https://musicbrainz.org/genres","louisiana blues"
"1774426831-1147","https://musicbrainz.org/genres","lounge"
"1774426831-1148","https://musicbrainz.org/genres","lovers rock"
"1774426831-1149","https://musicbrainz.org/genres","lowend"
"1774426831-1150","https://musicbrainz.org/genres","lowercase"
"1774426831-1151","https://musicbrainz.org/genres","luk krung"
"1774426831-1152","https://musicbrainz.org/genres","luk thung"
"1774426831-1153","https://musicbrainz.org/genres","lullaby"
"1774426831-1154","https://musicbrainz.org/genres","lundu"
"1774426831-1155","https://musicbrainz.org/genres","lute song"
"1774426831-1156","https://musicbrainz.org/genres","mad"
"1774426831-1157","https://musicbrainz.org/genres","madchester"
"1774426831-1158","https://musicbrainz.org/genres","maddahi"
"1774426831-1159","https://musicbrainz.org/genres","madrigal"
"1774426831-1160","https://musicbrainz.org/genres","mafioso rap"
"1774426831-1161","https://musicbrainz.org/genres","maftirim"
"1774426831-1162","https://musicbrainz.org/genres","mahori"
"1774426831-1163","https://musicbrainz.org/genres","mahraganat"
"1774426831-1164","https://musicbrainz.org/genres","mainstream rock"
"1774426831-1165","https://musicbrainz.org/genres","makina"
"1774426831-1166","https://musicbrainz.org/genres","makossa"
"1774426831-1167","https://musicbrainz.org/genres","malagueña venezolana"
"1774426831-1168","https://musicbrainz.org/genres","malay gamelan"
"1774426831-1169","https://musicbrainz.org/genres","malhun"
"1774426831-1170","https://musicbrainz.org/genres","mallsoft"
"1774426831-1171","https://musicbrainz.org/genres","malouf"
"1774426831-1172","https://musicbrainz.org/genres","maloya"
"1774426831-1173","https://musicbrainz.org/genres","maloya électronique"
"1774426831-1174","https://musicbrainz.org/genres","maloya élektrik"
"1774426831-1175","https://musicbrainz.org/genres","mambo"
"1774426831-1176","https://musicbrainz.org/genres","mambo chileno"
"1774426831-1177","https://musicbrainz.org/genres","mambo urbano"
"1774426831-1178","https://musicbrainz.org/genres","mandopop"
"1774426831-1179","https://musicbrainz.org/genres","manele"
"1774426831-1180","https://musicbrainz.org/genres","mangambeu"
"1774426831-1181","https://musicbrainz.org/genres","mangue beat"
"1774426831-1182","https://musicbrainz.org/genres","manila sound"
"1774426831-1183","https://musicbrainz.org/genres","mantra"
"1774426831-1184","https://musicbrainz.org/genres","manyao"
"1774426831-1185","https://musicbrainz.org/genres","mappila"
"1774426831-1186","https://musicbrainz.org/genres","marabi"
"1774426831-1187","https://musicbrainz.org/genres","maracatu"
"1774426831-1188","https://musicbrainz.org/genres","march"
"1774426831-1189","https://musicbrainz.org/genres","marching band"
"1774426831-1190","https://musicbrainz.org/genres","marchinha"
"1774426831-1191","https://musicbrainz.org/genres","mariachi"
"1774426831-1192","https://musicbrainz.org/genres","marinera"
"1774426831-1193","https://musicbrainz.org/genres","marrabenta"
"1774426831-1194","https://musicbrainz.org/genres","martial industrial"
"1774426831-1195","https://musicbrainz.org/genres","mashcore"
"1774426831-1196","https://musicbrainz.org/genres","maskanda"
"1774426831-1197","https://musicbrainz.org/genres","mass"
"1774426831-1198","https://musicbrainz.org/genres","mataali"
"1774426831-1199","https://musicbrainz.org/genres","math pop"
"1774426831-1200","https://musicbrainz.org/genres","math rock"
"1774426831-1201","https://musicbrainz.org/genres","mathcore"
"1774426831-1202","https://musicbrainz.org/genres","maxixe"
"1774426831-1203","https://musicbrainz.org/genres","mazurka"
"1774426831-1204","https://musicbrainz.org/genres","mbalax"
"1774426831-1205","https://musicbrainz.org/genres","mbaqanga"
"1774426831-1206","https://musicbrainz.org/genres","mbolé"
"1774426831-1207","https://musicbrainz.org/genres","mbube"
"1774426831-1208","https://musicbrainz.org/genres","mchiriku"
"1774426831-1209","https://musicbrainz.org/genres","medieval"
"1774426831-1210","https://musicbrainz.org/genres","medieval lyric poetry"
"1774426831-1211","https://musicbrainz.org/genres","medieval metal"
"1774426831-1212","https://musicbrainz.org/genres","medieval rock"
"1774426831-1213","https://musicbrainz.org/genres","mega funk"
"1774426831-1214","https://musicbrainz.org/genres","meiji shinkyoku"
"1774426831-1215","https://musicbrainz.org/genres","melbourne bounce"
"1774426831-1216","https://musicbrainz.org/genres","melodic bass"
"1774426831-1217","https://musicbrainz.org/genres","melodic black metal"
"1774426831-1218","https://musicbrainz.org/genres","melodic death metal"
"1774426831-1219","https://musicbrainz.org/genres","melodic dubstep"
"1774426831-1220","https://musicbrainz.org/genres","melodic hardcore"
"1774426831-1221","https://musicbrainz.org/genres","melodic house"
"1774426831-1222","https://musicbrainz.org/genres","melodic metalcore"
"1774426831-1223","https://musicbrainz.org/genres","melodic techno"
"1774426831-1224","https://musicbrainz.org/genres","melodic trance"
"1774426831-1225","https://musicbrainz.org/genres","mélodie"
"1774426831-1226","https://musicbrainz.org/genres","memphis rap"
"1774426831-1227","https://musicbrainz.org/genres","mento"
"1774426831-1228","https://musicbrainz.org/genres","menzuma"
"1774426831-1229","https://musicbrainz.org/genres","merecumbé"
"1774426831-1230","https://musicbrainz.org/genres","merengue"
"1774426831-1231","https://musicbrainz.org/genres","merengue típico"
"1774426831-1232","https://musicbrainz.org/genres","merenhouse"
"1774426831-1233","https://musicbrainz.org/genres","merequetengue"
"1774426831-1234","https://musicbrainz.org/genres","méringue"
"1774426831-1235","https://musicbrainz.org/genres","merseybeat"
"1774426831-1236","https://musicbrainz.org/genres","metal"
"1774426831-1237","https://musicbrainz.org/genres","metalcore"
"1774426831-1238","https://musicbrainz.org/genres","métis fiddling"
"1774426831-1239","https://musicbrainz.org/genres","meyxana"
"1774426831-1240","https://musicbrainz.org/genres","miami bass"
"1774426831-1241","https://musicbrainz.org/genres","microfunk"
"1774426831-1242","https://musicbrainz.org/genres","microhouse"
"1774426831-1243","https://musicbrainz.org/genres","microsound"
"1774426831-1244","https://musicbrainz.org/genres","microtonal classical"
"1774426831-1245","https://musicbrainz.org/genres","midtempo bass"
"1774426831-1246","https://musicbrainz.org/genres","midwest emo"
"1774426831-1247","https://musicbrainz.org/genres","miejski folk"
"1774426831-1248","https://musicbrainz.org/genres","military cadence"
"1774426831-1249","https://musicbrainz.org/genres","milonga"
"1774426831-1250","https://musicbrainz.org/genres","min'yō"
"1774426831-1251","https://musicbrainz.org/genres","minatory"
"1774426831-1252","https://musicbrainz.org/genres","mincecore"
"1774426831-1253","https://musicbrainz.org/genres","minimal drum and bass"
"1774426831-1254","https://musicbrainz.org/genres","minimal synth"
"1774426831-1255","https://musicbrainz.org/genres","minimal techno"
"1774426831-1256","https://musicbrainz.org/genres","minimal wave"
"1774426831-1257","https://musicbrainz.org/genres","minimalism"
"1774426831-1258","https://musicbrainz.org/genres","minneapolis sound"
"1774426831-1259","https://musicbrainz.org/genres","minstrelsy"
"1774426831-1260","https://musicbrainz.org/genres","mobb music"
"1774426831-1261","https://musicbrainz.org/genres","mod"
"1774426831-1262","https://musicbrainz.org/genres","mod revival"
"1774426831-1263","https://musicbrainz.org/genres","moda de viola"
"1774426831-1264","https://musicbrainz.org/genres","modal jazz"
"1774426831-1265","https://musicbrainz.org/genres","modern blues"
"1774426831-1266","https://musicbrainz.org/genres","modern classical"
"1774426831-1267","https://musicbrainz.org/genres","modern creative"
"1774426831-1268","https://musicbrainz.org/genres","modern hardtek"
"1774426831-1269","https://musicbrainz.org/genres","modern laiko"
"1774426831-1270","https://musicbrainz.org/genres","modinha"
"1774426831-1271","https://musicbrainz.org/genres","moe song"
"1774426831-1272","https://musicbrainz.org/genres","monodrama"
"1774426831-1273","https://musicbrainz.org/genres","mood kayō"
"1774426831-1274","https://musicbrainz.org/genres","moogsploitation"
"1774426831-1275","https://musicbrainz.org/genres","moombahcore"
"1774426831-1276","https://musicbrainz.org/genres","moombahton"
"1774426831-1277","https://musicbrainz.org/genres","mor lam"
"1774426831-1278","https://musicbrainz.org/genres","mor lam sing"
"1774426831-1279","https://musicbrainz.org/genres","morenada"
"1774426831-1280","https://musicbrainz.org/genres","morna"
"1774426831-1281","https://musicbrainz.org/genres","moroccan chaabi"
"1774426831-1282","https://musicbrainz.org/genres","motet"
"1774426831-1283","https://musicbrainz.org/genres","motown"
"1774426831-1284","https://musicbrainz.org/genres","moutya"
"1774426831-1285","https://musicbrainz.org/genres","movimiento alterado"
"1774426831-1286","https://musicbrainz.org/genres","mozarabic chant"
"1774426831-1287","https://musicbrainz.org/genres","mpb"
"1774426831-1288","https://musicbrainz.org/genres","muak"
"1774426831-1289","https://musicbrainz.org/genres","mugham"
"1774426831-1290","https://musicbrainz.org/genres","muiñeira"
"1774426831-1291","https://musicbrainz.org/genres","mulatós"
"1774426831-1292","https://musicbrainz.org/genres","muliza"
"1774426831-1293","https://musicbrainz.org/genres","murga"
"1774426831-1294","https://musicbrainz.org/genres","murga uruguaya"
"1774426831-1295","https://musicbrainz.org/genres","musette"
"1774426831-1296","https://musicbrainz.org/genres","music hall"
"1774426831-1297","https://musicbrainz.org/genres","música cebolla"
"1774426831-1298","https://musicbrainz.org/genres","música criolla"
"1774426831-1299","https://musicbrainz.org/genres","música de intervenção"
"1774426831-1300","https://musicbrainz.org/genres","música llanera"
"1774426831-1301","https://musicbrainz.org/genres","música típica chilena"
"1774426831-1302","https://musicbrainz.org/genres","musical"
"1774426831-1303","https://musicbrainz.org/genres","mūsīqā lubnāniyya"
"1774426831-1304","https://musicbrainz.org/genres","musique concrète"
"1774426831-1305","https://musicbrainz.org/genres","musique concrète instrumentale"
"1774426831-1306","https://musicbrainz.org/genres","muzika mizrahit"
"1774426831-1307","https://musicbrainz.org/genres","muzika yehudit mekorit"
"1774426831-1308","https://musicbrainz.org/genres","muzikat dika'on"
"1774426831-1309","https://musicbrainz.org/genres","muziki wa dansi"
"1774426831-1310","https://musicbrainz.org/genres","nagauta"
"1774426831-1311","https://musicbrainz.org/genres","nanguan"
"1774426831-1312","https://musicbrainz.org/genres","narcocorrido"
"1774426831-1313","https://musicbrainz.org/genres","narodnozabavna glasba"
"1774426831-1314","https://musicbrainz.org/genres","nasheed"
"1774426831-1315","https://musicbrainz.org/genres","nashville sound"
"1774426831-1316","https://musicbrainz.org/genres","native american new age"
"1774426831-1317","https://musicbrainz.org/genres","nature sounds"
"1774426831-1318","https://musicbrainz.org/genres","natya sangeet"
"1774426831-1319","https://musicbrainz.org/genres","nederbeat"
"1774426831-1320","https://musicbrainz.org/genres","nederpop"
"1774426831-1321","https://musicbrainz.org/genres","neo kyma"
"1774426831-1322","https://musicbrainz.org/genres","neo soul"
"1774426831-1323","https://musicbrainz.org/genres","neo-acoustic"
"1774426831-1324","https://musicbrainz.org/genres","neo-city pop"
"1774426831-1325","https://musicbrainz.org/genres","neo-grime"
"1774426831-1326","https://musicbrainz.org/genres","neo-medieval folk"
"1774426831-1327","https://musicbrainz.org/genres","neo-progressive rock"
"1774426831-1328","https://musicbrainz.org/genres","neo-psychedelia"
"1774426831-1329","https://musicbrainz.org/genres","neo-rockabilly"
"1774426831-1330","https://musicbrainz.org/genres","néo-trad"
"1774426831-1331","https://musicbrainz.org/genres","neo-traditional country"
"1774426831-1332","https://musicbrainz.org/genres","neoclassical dark wave"
"1774426831-1333","https://musicbrainz.org/genres","neoclassical metal"
"1774426831-1334","https://musicbrainz.org/genres","neoclassical new age"
"1774426831-1335","https://musicbrainz.org/genres","neoclassicism"
"1774426831-1336","https://musicbrainz.org/genres","neocrust"
"1774426831-1337","https://musicbrainz.org/genres","neofolk"
"1774426831-1338","https://musicbrainz.org/genres","neofolklore"
"1774426831-1339","https://musicbrainz.org/genres","neon pop punk"
"1774426831-1340","https://musicbrainz.org/genres","neoperreo"
"1774426831-1341","https://musicbrainz.org/genres","neoromanticism"
"1774426831-1342","https://musicbrainz.org/genres","nerdcore"
"1774426831-1343","https://musicbrainz.org/genres","nerdcore techno"
"1774426831-1344","https://musicbrainz.org/genres","neue deutsche härte"
"1774426831-1345","https://musicbrainz.org/genres","neue deutsche todeskunst"
"1774426831-1346","https://musicbrainz.org/genres","neue deutsche welle"
"1774426831-1347","https://musicbrainz.org/genres","neurofunk"
"1774426831-1348","https://musicbrainz.org/genres","neurohop"
"1774426831-1349","https://musicbrainz.org/genres","new age"
"1774426831-1350","https://musicbrainz.org/genres","new beat"
"1774426831-1351","https://musicbrainz.org/genres","new complexity"
"1774426831-1352","https://musicbrainz.org/genres","new jack swing"
"1774426831-1353","https://musicbrainz.org/genres","new jazz"
"1774426831-1354","https://musicbrainz.org/genres","new mexico music"
"1774426831-1355","https://musicbrainz.org/genres","new orleans blues"
"1774426831-1356","https://musicbrainz.org/genres","new orleans r&b"
"1774426831-1357","https://musicbrainz.org/genres","new rave"
"1774426831-1358","https://musicbrainz.org/genres","new romantic"
"1774426831-1359","https://musicbrainz.org/genres","new wave"
"1774426831-1360","https://musicbrainz.org/genres","new york drill"
"1774426831-1361","https://musicbrainz.org/genres","ngâm thơ"
"1774426831-1362","https://musicbrainz.org/genres","ngoma"
"1774426831-1363","https://musicbrainz.org/genres","nhạc đỏ"
"1774426831-1364","https://musicbrainz.org/genres","nhạc tiền chiến"
"1774426831-1365","https://musicbrainz.org/genres","nhạc vàng"
"1774426831-1366","https://musicbrainz.org/genres","night full-on"
"1774426831-1367","https://musicbrainz.org/genres","nightcore"
"1774426831-1368","https://musicbrainz.org/genres","nigun"
"1774426831-1369","https://musicbrainz.org/genres","nintendocore"
"1774426831-1370","https://musicbrainz.org/genres","nitzhonot"
"1774426831-1371","https://musicbrainz.org/genres","njuup"
"1774426831-1372","https://musicbrainz.org/genres","no melody trap"
"1774426831-1373","https://musicbrainz.org/genres","no wave"
"1774426831-1374","https://musicbrainz.org/genres","nocturne"
"1774426831-1375","https://musicbrainz.org/genres","noh"
"1774426831-1376","https://musicbrainz.org/genres","noiadance"
"1774426831-1377","https://musicbrainz.org/genres","noise"
"1774426831-1378","https://musicbrainz.org/genres","noise pop"
"1774426831-1379","https://musicbrainz.org/genres","noise rock"
"1774426831-1380","https://musicbrainz.org/genres","noisecore"
"1774426831-1381","https://musicbrainz.org/genres","noisegrind"
"1774426831-1382","https://musicbrainz.org/genres","non-music"
"1774426831-1383","https://musicbrainz.org/genres","nortec"
"1774426831-1384","https://musicbrainz.org/genres","norteño"
"1774426831-1385","https://musicbrainz.org/genres","northern soul"
"1774426831-1386","https://musicbrainz.org/genres","nóta"
"1774426831-1387","https://musicbrainz.org/genres","nouveau zydeco"
"1774426831-1388","https://musicbrainz.org/genres","nova cançó"
"1774426831-1389","https://musicbrainz.org/genres","novelty piano"
"1774426831-1390","https://musicbrainz.org/genres","novo dub"
"1774426831-1391","https://musicbrainz.org/genres","nu disco"
"1774426831-1392","https://musicbrainz.org/genres","nu jazz"
"1774426831-1393","https://musicbrainz.org/genres","nu metal"
"1774426831-1394","https://musicbrainz.org/genres","nu skool breaks"
"1774426831-1395","https://musicbrainz.org/genres","nu style gabber"
"1774426831-1396","https://musicbrainz.org/genres","nueva canción"
"1774426831-1397","https://musicbrainz.org/genres","nueva canción chilena"
"1774426831-1398","https://musicbrainz.org/genres","nueva canción española"
"1774426831-1399","https://musicbrainz.org/genres","nueva cumbia chilena"
"1774426831-1400","https://musicbrainz.org/genres","nueva trova"
"1774426831-1401","https://musicbrainz.org/genres","nuevo cancionero"
"1774426831-1402","https://musicbrainz.org/genres","nuevo flamenco"
"1774426831-1403","https://musicbrainz.org/genres","nuevo tango"
"1774426831-1404","https://musicbrainz.org/genres","nustyle"
"1774426831-1405","https://musicbrainz.org/genres","nwobhm"
"1774426831-1406","https://musicbrainz.org/genres","nyū myūjikku"
"1774426831-1407","https://musicbrainz.org/genres","oberek"
"1774426831-1408","https://musicbrainz.org/genres","occult rock"
"1774426831-1409","https://musicbrainz.org/genres","odissi classical"
"1774426831-1410","https://musicbrainz.org/genres","ogene music"
"1774426831-1411","https://musicbrainz.org/genres","oi"
"1774426831-1412","https://musicbrainz.org/genres","old roman chant"
"1774426831-1413","https://musicbrainz.org/genres","old school death metal"
"1774426831-1414","https://musicbrainz.org/genres","old school hip hop"
"1774426831-1415","https://musicbrainz.org/genres","old-time"
"1774426831-1416","https://musicbrainz.org/genres","omutibo"
"1774426831-1417","https://musicbrainz.org/genres","onda nueva"
"1774426831-1418","https://musicbrainz.org/genres","ondō"
"1774426831-1419","https://musicbrainz.org/genres","onkyo"
"1774426831-1420","https://musicbrainz.org/genres","opera"
"1774426831-1421","https://musicbrainz.org/genres","opera buffa"
"1774426831-1422","https://musicbrainz.org/genres","opéra comique"
"1774426831-1423","https://musicbrainz.org/genres","opera semiseria"
"1774426831-1424","https://musicbrainz.org/genres","opera seria"
"1774426831-1425","https://musicbrainz.org/genres","opera-ballet"
"1774426831-1426","https://musicbrainz.org/genres","operatic pop"
"1774426831-1427","https://musicbrainz.org/genres","operetta"
"1774426831-1428","https://musicbrainz.org/genres","opm"
"1774426831-1429","https://musicbrainz.org/genres","oratorio"
"1774426831-1430","https://musicbrainz.org/genres","orchestral"
"1774426831-1431","https://musicbrainz.org/genres","orchestral jazz"
"1774426831-1432","https://musicbrainz.org/genres","orchestral song"
"1774426831-1433","https://musicbrainz.org/genres","organic house"
"1774426831-1434","https://musicbrainz.org/genres","ori deck"
"1774426831-1435","https://musicbrainz.org/genres","oriental ballad"
"1774426831-1436","https://musicbrainz.org/genres","orkes gambus"
"1774426831-1437","https://musicbrainz.org/genres","orthodox pop"
"1774426831-1438","https://musicbrainz.org/genres","outlaw country"
"1774426831-1439","https://musicbrainz.org/genres","outsider house"
"1774426831-1440","https://musicbrainz.org/genres","overture"
"1774426831-1441","https://musicbrainz.org/genres","özgün müzik"
"1774426831-1442","https://musicbrainz.org/genres","p-funk"
"1774426831-1443","https://musicbrainz.org/genres","pachanga"
"1774426831-1444","https://musicbrainz.org/genres","pacific reggae"
"1774426831-1445","https://musicbrainz.org/genres","pagan black metal"
"1774426831-1446","https://musicbrainz.org/genres","pagan folk"
"1774426831-1447","https://musicbrainz.org/genres","paghjella"
"1774426831-1448","https://musicbrainz.org/genres","pagodão"
"1774426831-1449","https://musicbrainz.org/genres","pagode"
"1774426831-1450","https://musicbrainz.org/genres","pagode romântico"
"1774426831-1451","https://musicbrainz.org/genres","paisley underground"
"1774426831-1452","https://musicbrainz.org/genres","palingsound"
"1774426831-1453","https://musicbrainz.org/genres","palm-wine"
"1774426831-1454","https://musicbrainz.org/genres","palo de mayo"
"1774426831-1455","https://musicbrainz.org/genres","pansori"
"1774426831-1456","https://musicbrainz.org/genres","parang"
"1774426831-1457","https://musicbrainz.org/genres","parlour music"
"1774426831-1458","https://musicbrainz.org/genres","partido alto"
"1774426831-1459","https://musicbrainz.org/genres","pasillo"
"1774426831-1460","https://musicbrainz.org/genres","pasodoble"
"1774426831-1461","https://musicbrainz.org/genres","passion setting"
"1774426831-1462","https://musicbrainz.org/genres","pásztordal"
"1774426831-1463","https://musicbrainz.org/genres","payada"
"1774426831-1464","https://musicbrainz.org/genres","peak time techno"
"1774426831-1465","https://musicbrainz.org/genres","pep band"
"1774426831-1466","https://musicbrainz.org/genres","persian classical"
"1774426831-1467","https://musicbrainz.org/genres","persian pop"
"1774426831-1468","https://musicbrainz.org/genres","philly club"
"1774426831-1469","https://musicbrainz.org/genres","philly club rap"
"1774426831-1470","https://musicbrainz.org/genres","philly drill"
"1774426831-1471","https://musicbrainz.org/genres","philly soul"
"1774426831-1472","https://musicbrainz.org/genres","phleng phuea chiwit"
"1774426831-1473","https://musicbrainz.org/genres","phonk"
"1774426831-1474","https://musicbrainz.org/genres","phonk house"
"1774426831-1475","https://musicbrainz.org/genres","piano blues"
"1774426831-1476","https://musicbrainz.org/genres","piano rock"
"1774426831-1477","https://musicbrainz.org/genres","picopop"
"1774426831-1478","https://musicbrainz.org/genres","piedmont blues"
"1774426831-1479","https://musicbrainz.org/genres","pigfuck"
"1774426831-1480","https://musicbrainz.org/genres","pilón"
"1774426831-1481","https://musicbrainz.org/genres","pimba"
"1774426831-1482","https://musicbrainz.org/genres","pinpeat"
"1774426831-1483","https://musicbrainz.org/genres","pìobaireachd"
"1774426831-1484","https://musicbrainz.org/genres","pipe band music"
"1774426831-1485","https://musicbrainz.org/genres","piphat"
"1774426831-1486","https://musicbrainz.org/genres","pirekua"
"1774426831-1487","https://musicbrainz.org/genres","piseiro"
"1774426831-1488","https://musicbrainz.org/genres","piyyut"
"1774426831-1489","https://musicbrainz.org/genres","pizzica"
"1774426831-1490","https://musicbrainz.org/genres","plainchant"
"1774426831-1491","https://musicbrainz.org/genres","plena"
"1774426831-1492","https://musicbrainz.org/genres","plugg"
"1774426831-1493","https://musicbrainz.org/genres","pluggnb"
"1774426831-1494","https://musicbrainz.org/genres","plunderphonics"
"1774426831-1495","https://musicbrainz.org/genres","poetry"
"1774426831-1496","https://musicbrainz.org/genres","polca criolla"
"1774426831-1497","https://musicbrainz.org/genres","polifonia occitana"
"1774426831-1498","https://musicbrainz.org/genres","political hip hop"
"1774426831-1499","https://musicbrainz.org/genres","polka"
"1774426831-1500","https://musicbrainz.org/genres","polka paraguaya"
"1774426831-1501","https://musicbrainz.org/genres","polonaise"
"1774426831-1502","https://musicbrainz.org/genres","pon-chak disco"
"1774426831-1503","https://musicbrainz.org/genres","pop"
"1774426831-1504","https://musicbrainz.org/genres","pop ghazal"
"1774426831-1505","https://musicbrainz.org/genres","pop kreatif"
"1774426831-1506","https://musicbrainz.org/genres","pop metal"
"1774426831-1507","https://musicbrainz.org/genres","pop minang"
"1774426831-1508","https://musicbrainz.org/genres","pop punk"
"1774426831-1509","https://musicbrainz.org/genres","pop raï"
"1774426831-1510","https://musicbrainz.org/genres","pop rap"
"1774426831-1511","https://musicbrainz.org/genres","pop rock"
"1774426831-1512","https://musicbrainz.org/genres","pop soul"
"1774426831-1513","https://musicbrainz.org/genres","pop yeh-yeh"
"1774426831-1514","https://musicbrainz.org/genres","porn groove"
"1774426831-1515","https://musicbrainz.org/genres","pornogrind"
"1774426831-1516","https://musicbrainz.org/genres","porro"
"1774426831-1517","https://musicbrainz.org/genres","post-bop"
"1774426831-1518","https://musicbrainz.org/genres","post-britpop"
"1774426831-1519","https://musicbrainz.org/genres","post-classical"
"1774426831-1520","https://musicbrainz.org/genres","post-dubstep"
"1774426831-1521","https://musicbrainz.org/genres","post-grunge"
"1774426831-1522","https://musicbrainz.org/genres","post-hardcore"
"1774426831-1523","https://musicbrainz.org/genres","post-industrial"
"1774426831-1524","https://musicbrainz.org/genres","post-metal"
"1774426831-1525","https://musicbrainz.org/genres","post-minimalism"
"1774426831-1526","https://musicbrainz.org/genres","post-punk"
"1774426831-1527","https://musicbrainz.org/genres","post-punk revival"
"1774426831-1528","https://musicbrainz.org/genres","post-rock"
"1774426831-1529","https://musicbrainz.org/genres","powada"
"1774426831-1530","https://musicbrainz.org/genres","power electronics"
"1774426831-1531","https://musicbrainz.org/genres","power metal"
"1774426831-1532","https://musicbrainz.org/genres","power noise"
"1774426831-1533","https://musicbrainz.org/genres","power pop"
"1774426831-1534","https://musicbrainz.org/genres","power soca"
"1774426831-1535","https://musicbrainz.org/genres","powerstomp"
"1774426831-1536","https://musicbrainz.org/genres","powerviolence"
"1774426831-1537","https://musicbrainz.org/genres","praise & worship"
"1774426831-1538","https://musicbrainz.org/genres","praise break"
"1774426831-1539","https://musicbrainz.org/genres","prank calls"
"1774426831-1540","https://musicbrainz.org/genres","prelude"
"1774426831-1541","https://musicbrainz.org/genres","process music"
"1774426831-1542","https://musicbrainz.org/genres","production music"
"1774426831-1543","https://musicbrainz.org/genres","progressive"
"1774426831-1544","https://musicbrainz.org/genres","progressive bluegrass"
"1774426831-1545","https://musicbrainz.org/genres","progressive breaks"
"1774426831-1546","https://musicbrainz.org/genres","progressive country"
"1774426831-1547","https://musicbrainz.org/genres","progressive electronic"
"1774426831-1548","https://musicbrainz.org/genres","progressive folk"
"1774426831-1549","https://musicbrainz.org/genres","progressive house"
"1774426831-1550","https://musicbrainz.org/genres","progressive metal"
"1774426831-1551","https://musicbrainz.org/genres","progressive metalcore"
"1774426831-1552","https://musicbrainz.org/genres","progressive pop"
"1774426831-1553","https://musicbrainz.org/genres","progressive psytrance"
"1774426831-1554","https://musicbrainz.org/genres","progressive rock"
"1774426831-1555","https://musicbrainz.org/genres","progressive soul"
"1774426831-1556","https://musicbrainz.org/genres","progressive trance"
"1774426831-1557","https://musicbrainz.org/genres","proto-punk"
"1774426831-1558","https://musicbrainz.org/genres","psichedelia occulta italiana"
"1774426831-1559","https://musicbrainz.org/genres","psybient"
"1774426831-1560","https://musicbrainz.org/genres","psybreaks"
"1774426831-1561","https://musicbrainz.org/genres","psychedelic"
"1774426831-1562","https://musicbrainz.org/genres","psychedelic folk"
"1774426831-1563","https://musicbrainz.org/genres","psychedelic pop"
"1774426831-1564","https://musicbrainz.org/genres","psychedelic rock"
"1774426831-1565","https://musicbrainz.org/genres","psychedelic soul"
"1774426831-1566","https://musicbrainz.org/genres","psychobilly"
"1774426831-1567","https://musicbrainz.org/genres","psychploitation"
"1774426831-1568","https://musicbrainz.org/genres","psycore"
"1774426831-1569","https://musicbrainz.org/genres","psystyle"
"1774426831-1570","https://musicbrainz.org/genres","psytrance"
"1774426831-1571","https://musicbrainz.org/genres","pub rock"
"1774426831-1572","https://musicbrainz.org/genres","puirt à beul"
"1774426831-1573","https://musicbrainz.org/genres","pumpcore"
"1774426831-1574","https://musicbrainz.org/genres","pungmul"
"1774426831-1575","https://musicbrainz.org/genres","punk"
"1774426831-1576","https://musicbrainz.org/genres","punk blues"
"1774426831-1577","https://musicbrainz.org/genres","punk poetry"
"1774426831-1578","https://musicbrainz.org/genres","punk rap"
"1774426831-1579","https://musicbrainz.org/genres","punk rock"
"1774426831-1580","https://musicbrainz.org/genres","punta"
"1774426831-1581","https://musicbrainz.org/genres","punto"
"1774426831-1582","https://musicbrainz.org/genres","purple sound"
"1774426831-1583","https://musicbrainz.org/genres","puxa"
"1774426831-1584","https://musicbrainz.org/genres","q-pop"
"1774426831-1585","https://musicbrainz.org/genres","qaraami"
"1774426831-1586","https://musicbrainz.org/genres","qasidah modern"
"1774426831-1587","https://musicbrainz.org/genres","qawwali"
"1774426831-1588","https://musicbrainz.org/genres","quan họ"
"1774426831-1589","https://musicbrainz.org/genres","queercore"
"1774426831-1590","https://musicbrainz.org/genres","quiet storm"
"1774426831-1591","https://musicbrainz.org/genres","quyi"
"1774426831-1592","https://musicbrainz.org/genres","r&b"
"1774426831-1593","https://musicbrainz.org/genres","rabbit song"
"1774426831-1594","https://musicbrainz.org/genres","rabiz"
"1774426831-1595","https://musicbrainz.org/genres","raga rock"
"1774426831-1596","https://musicbrainz.org/genres","rage"
"1774426831-1597","https://musicbrainz.org/genres","ragga"
"1774426831-1598","https://musicbrainz.org/genres","ragga hip-hop"
"1774426831-1599","https://musicbrainz.org/genres","ragga jungle"
"1774426831-1600","https://musicbrainz.org/genres","raggacore"
"1774426831-1601","https://musicbrainz.org/genres","raggatek"
"1774426831-1602","https://musicbrainz.org/genres","ragtime"
"1774426831-1603","https://musicbrainz.org/genres","ragtime song"
"1774426831-1604","https://musicbrainz.org/genres","raï"
"1774426831-1605","https://musicbrainz.org/genres","rain sounds"
"1774426831-1606","https://musicbrainz.org/genres","ranchera"
"1774426831-1607","https://musicbrainz.org/genres","rap metal"
"1774426831-1608","https://musicbrainz.org/genres","rap rock"
"1774426831-1609","https://musicbrainz.org/genres","rapcore"
"1774426831-1610","https://musicbrainz.org/genres","rapso"
"1774426831-1611","https://musicbrainz.org/genres","raqs baladi"
"1774426831-1612","https://musicbrainz.org/genres","rara"
"1774426831-1613","https://musicbrainz.org/genres","rasin"
"1774426831-1614","https://musicbrainz.org/genres","rasqueado cuiabano"
"1774426831-1615","https://musicbrainz.org/genres","rasteirinha"
"1774426831-1616","https://musicbrainz.org/genres","ratchet music"
"1774426831-1617","https://musicbrainz.org/genres","rautalanka"
"1774426831-1618","https://musicbrainz.org/genres","rave"
"1774426831-1619","https://musicbrainz.org/genres","raw punk"
"1774426831-1620","https://musicbrainz.org/genres","rawphoric"
"1774426831-1621","https://musicbrainz.org/genres","rawstyle"
"1774426831-1622","https://musicbrainz.org/genres","rebetiko"
"1774426831-1623","https://musicbrainz.org/genres","red dirt"
"1774426831-1624","https://musicbrainz.org/genres","red disco"
"1774426831-1625","https://musicbrainz.org/genres","red song"
"1774426831-1626","https://musicbrainz.org/genres","reductionism"
"1774426831-1627","https://musicbrainz.org/genres","regalia"
"1774426831-1628","https://musicbrainz.org/genres","reggae"
"1774426831-1629","https://musicbrainz.org/genres","reggae rock"
"1774426831-1630","https://musicbrainz.org/genres","reggae-pop"
"1774426831-1631","https://musicbrainz.org/genres","reggaeton"
"1774426831-1632","https://musicbrainz.org/genres","regional mexicano"
"1774426831-1633","https://musicbrainz.org/genres","renaissance"
"1774426831-1634","https://musicbrainz.org/genres","reparto"
"1774426831-1635","https://musicbrainz.org/genres","repente"
"1774426831-1636","https://musicbrainz.org/genres","requiem"
"1774426831-1637","https://musicbrainz.org/genres","revue"
"1774426831-1638","https://musicbrainz.org/genres","rhumba"
"1774426831-1639","https://musicbrainz.org/genres","ricercar"
"1774426831-1640","https://musicbrainz.org/genres","riddim dubstep"
"1774426831-1641","https://musicbrainz.org/genres","rigsar"
"1774426831-1642","https://musicbrainz.org/genres","ring shout"
"1774426831-1643","https://musicbrainz.org/genres","riot grrrl"
"1774426831-1644","https://musicbrainz.org/genres","ripsaw"
"1774426831-1645","https://musicbrainz.org/genres","ritmada"
"1774426831-1646","https://musicbrainz.org/genres","ritual ambient"
"1774426831-1647","https://musicbrainz.org/genres","rizitika"
"1774426831-1648","https://musicbrainz.org/genres","rkt"
"1774426831-1649","https://musicbrainz.org/genres","rock"
"1774426831-1650","https://musicbrainz.org/genres","rock and roll"
"1774426831-1651","https://musicbrainz.org/genres","rock andaluz"
"1774426831-1652","https://musicbrainz.org/genres","rock andino"
"1774426831-1653","https://musicbrainz.org/genres","rock musical"
"1774426831-1654","https://musicbrainz.org/genres","rock opera"
"1774426831-1655","https://musicbrainz.org/genres","rock rural"
"1774426831-1656","https://musicbrainz.org/genres","rock urbano"
"1774426831-1657","https://musicbrainz.org/genres","rock urbano mexicano"
"1774426831-1658","https://musicbrainz.org/genres","rockabilly"
"1774426831-1659","https://musicbrainz.org/genres","rocksteady"
"1774426831-1660","https://musicbrainz.org/genres","rōkyoku"
"1774426831-1661","https://musicbrainz.org/genres","rom kbach"
"1774426831-1662","https://musicbrainz.org/genres","romanian popcorn"
"1774426831-1663","https://musicbrainz.org/genres","romantic classical"
"1774426831-1664","https://musicbrainz.org/genres","romantic flow"
"1774426831-1665","https://musicbrainz.org/genres","romantische oper"
"1774426831-1666","https://musicbrainz.org/genres","rominimal"
"1774426831-1667","https://musicbrainz.org/genres","roots reggae"
"1774426831-1668","https://musicbrainz.org/genres","roots rock"
"1774426831-1669","https://musicbrainz.org/genres","rumba"
"1774426831-1670","https://musicbrainz.org/genres","rumba catalana"
"1774426831-1671","https://musicbrainz.org/genres","rumba cubana"
"1774426831-1672","https://musicbrainz.org/genres","rumba flamenca"
"1774426831-1673","https://musicbrainz.org/genres","runo song"
"1774426831-1674","https://musicbrainz.org/genres","russian chanson"
"1774426831-1675","https://musicbrainz.org/genres","russian orthodox liturgical music"
"1774426831-1676","https://musicbrainz.org/genres","russian romance"
"1774426831-1677","https://musicbrainz.org/genres","ryūkōka"
"1774426831-1678","https://musicbrainz.org/genres","sa'idi"
"1774426831-1679","https://musicbrainz.org/genres","sacred harp"
"1774426831-1680","https://musicbrainz.org/genres","sacred steel"
"1774426831-1681","https://musicbrainz.org/genres","saeta"
"1774426831-1682","https://musicbrainz.org/genres","salegy"
"1774426831-1683","https://musicbrainz.org/genres","salsa"
"1774426831-1684","https://musicbrainz.org/genres","salsa choke"
"1774426831-1685","https://musicbrainz.org/genres","salsa dura"
"1774426831-1686","https://musicbrainz.org/genres","salsa romántica"
"1774426831-1687","https://musicbrainz.org/genres","saluang klasik"
"1774426831-1688","https://musicbrainz.org/genres","samba"
"1774426831-1689","https://musicbrainz.org/genres","samba de breque"
"1774426831-1690","https://musicbrainz.org/genres","samba de gafieira"
"1774426831-1691","https://musicbrainz.org/genres","samba de roda"
"1774426831-1692","https://musicbrainz.org/genres","samba de terreiro"
"1774426831-1693","https://musicbrainz.org/genres","samba soul"
"1774426831-1694","https://musicbrainz.org/genres","samba-canção"
"1774426831-1695","https://musicbrainz.org/genres","samba-choro"
"1774426831-1696","https://musicbrainz.org/genres","samba-enredo"
"1774426831-1697","https://musicbrainz.org/genres","samba-exaltação"
"1774426831-1698","https://musicbrainz.org/genres","samba-jazz"
"1774426831-1699","https://musicbrainz.org/genres","samba-joia"
"1774426831-1700","https://musicbrainz.org/genres","samba-reggae"
"1774426831-1701","https://musicbrainz.org/genres","samba-rock"
"1774426831-1702","https://musicbrainz.org/genres","sambalanço"
"1774426831-1703","https://musicbrainz.org/genres","sambass"
"1774426831-1704","https://musicbrainz.org/genres","sample drill"
"1774426831-1705","https://musicbrainz.org/genres","sampledelia"
"1774426831-1706","https://musicbrainz.org/genres","samri"
"1774426831-1707","https://musicbrainz.org/genres","sanjo"
"1774426831-1708","https://musicbrainz.org/genres","santé engagé"
"1774426831-1709","https://musicbrainz.org/genres","sarala gee"
"1774426831-1710","https://musicbrainz.org/genres","sardana"
"1774426831-1711","https://musicbrainz.org/genres","sarum chant"
"1774426831-1712","https://musicbrainz.org/genres","sasscore"
"1774426831-1713","https://musicbrainz.org/genres","sawt"
"1774426831-1714","https://musicbrainz.org/genres","saya afroboliviana"
"1774426831-1715","https://musicbrainz.org/genres","scam rap"
"1774426831-1716","https://musicbrainz.org/genres","schlager"
"1774426831-1717","https://musicbrainz.org/genres","schottische"
"1774426831-1718","https://musicbrainz.org/genres","schranz"
"1774426831-1719","https://musicbrainz.org/genres","scottish country dance music"
"1774426831-1720","https://musicbrainz.org/genres","screamo"
"1774426831-1721","https://musicbrainz.org/genres","scrumpy and western"
"1774426831-1722","https://musicbrainz.org/genres","sea shanty"
"1774426831-1723","https://musicbrainz.org/genres","sean-nós"
"1774426831-1724","https://musicbrainz.org/genres","seapunk"
"1774426831-1725","https://musicbrainz.org/genres","séga"
"1774426831-1726","https://musicbrainz.org/genres","seggae"
"1774426831-1727","https://musicbrainz.org/genres","seguidilla"
"1774426831-1728","https://musicbrainz.org/genres","seishun punk"
"1774426831-1729","https://musicbrainz.org/genres","semba"
"1774426831-1730","https://musicbrainz.org/genres","semi-trot"
"1774426831-1731","https://musicbrainz.org/genres","serenade"
"1774426831-1732","https://musicbrainz.org/genres","serialism"
"1774426831-1733","https://musicbrainz.org/genres","sermon"
"1774426831-1734","https://musicbrainz.org/genres","sertanejo"
"1774426831-1735","https://musicbrainz.org/genres","sertanejo raiz"
"1774426831-1736","https://musicbrainz.org/genres","sertanejo romântico"
"1774426831-1737","https://musicbrainz.org/genres","sertanejo universitário"
"1774426831-1738","https://musicbrainz.org/genres","seto leelo"
"1774426831-1739","https://musicbrainz.org/genres","sevdalinka"
"1774426831-1740","https://musicbrainz.org/genres","sevillanas"
"1774426831-1741","https://musicbrainz.org/genres","sexy drill"
"1774426831-1742","https://musicbrainz.org/genres","shaabi"
"1774426831-1743","https://musicbrainz.org/genres","shabad kirtan"
"1774426831-1744","https://musicbrainz.org/genres","shan'ge"
"1774426831-1745","https://musicbrainz.org/genres","shangaan electro"
"1774426831-1746","https://musicbrainz.org/genres","shanto"
"1774426831-1747","https://musicbrainz.org/genres","shashmaqam"
"1774426831-1748","https://musicbrainz.org/genres","shatta"
"1774426831-1749","https://musicbrainz.org/genres","shibuya-kei"
"1774426831-1750","https://musicbrainz.org/genres","shidaiqu"
"1774426831-1751","https://musicbrainz.org/genres","shima-uta"
"1774426831-1752","https://musicbrainz.org/genres","shinkyoku"
"1774426831-1753","https://musicbrainz.org/genres","shitgaze"
"1774426831-1754","https://musicbrainz.org/genres","shoegaze"
"1774426831-1755","https://musicbrainz.org/genres","shōmyō"
"1774426831-1756","https://musicbrainz.org/genres","shoor"
"1774426831-1757","https://musicbrainz.org/genres","sichuan opera"
"1774426831-1758","https://musicbrainz.org/genres","sierreño"
"1774426831-1759","https://musicbrainz.org/genres","sigidrigi"
"1774426831-1760","https://musicbrainz.org/genres","sigilkore"
"1774426831-1761","https://musicbrainz.org/genres","sinawi"
"1774426831-1762","https://musicbrainz.org/genres","sinfonia concertante"
"1774426831-1763","https://musicbrainz.org/genres","singeli"
"1774426831-1764","https://musicbrainz.org/genres","singer-songwriter"
"1774426831-1765","https://musicbrainz.org/genres","singspiel"
"1774426831-1766","https://musicbrainz.org/genres","sissy bounce"
"1774426831-1767","https://musicbrainz.org/genres","sitarsploitation"
"1774426831-1768","https://musicbrainz.org/genres","sizhu music"
"1774426831-1769","https://musicbrainz.org/genres","ska"
"1774426831-1770","https://musicbrainz.org/genres","ska punk"
"1774426831-1771","https://musicbrainz.org/genres","skacore"
"1774426831-1772","https://musicbrainz.org/genres","skate punk"
"1774426831-1773","https://musicbrainz.org/genres","sketch comedy"
"1774426831-1774","https://musicbrainz.org/genres","skiffle"
"1774426831-1775","https://musicbrainz.org/genres","skiladiko"
"1774426831-1776","https://musicbrainz.org/genres","skinhead reggae"
"1774426831-1777","https://musicbrainz.org/genres","skullstep"
"1774426831-1778","https://musicbrainz.org/genres","skweee"
"1774426831-1779","https://musicbrainz.org/genres","slack-key guitar"
"1774426831-1780","https://musicbrainz.org/genres","slacker rock"
"1774426831-1781","https://musicbrainz.org/genres","slam death metal"
"1774426831-1782","https://musicbrainz.org/genres","slam poetry"
"1774426831-1783","https://musicbrainz.org/genres","slap house"
"1774426831-1784","https://musicbrainz.org/genres","sleaze rock"
"1774426831-1785","https://musicbrainz.org/genres","slimepunk"
"1774426831-1786","https://musicbrainz.org/genres","slow waltz"
"1774426831-1787","https://musicbrainz.org/genres","slowcore"
"1774426831-1788","https://musicbrainz.org/genres","slowed & reverb"
"1774426831-1789","https://musicbrainz.org/genres","sludge metal"
"1774426831-1790","https://musicbrainz.org/genres","slushwave"
"1774426831-1791","https://musicbrainz.org/genres","smooth jazz"
"1774426831-1792","https://musicbrainz.org/genres","smooth soul"
"1774426831-1793","https://musicbrainz.org/genres","snap"
"1774426831-1794","https://musicbrainz.org/genres","soca"
"1774426831-1795","https://musicbrainz.org/genres","soft rock"
"1774426831-1796","https://musicbrainz.org/genres","soft visual"
"1774426831-1797","https://musicbrainz.org/genres","sōkyoku"
"1774426831-1798","https://musicbrainz.org/genres","son calentano"
"1774426831-1799","https://musicbrainz.org/genres","son cubano"
"1774426831-1800","https://musicbrainz.org/genres","son de pascua"
"1774426831-1801","https://musicbrainz.org/genres","son huasteco"
"1774426831-1802","https://musicbrainz.org/genres","son istmeño"
"1774426831-1803","https://musicbrainz.org/genres","son jarocho"
"1774426831-1804","https://musicbrainz.org/genres","son montuno"
"1774426831-1805","https://musicbrainz.org/genres","son nica"
"1774426831-1806","https://musicbrainz.org/genres","sonata"
"1774426831-1807","https://musicbrainz.org/genres","songo"
"1774426831-1808","https://musicbrainz.org/genres","sonorism"
"1774426831-1809","https://musicbrainz.org/genres","sophisti-pop"
"1774426831-1810","https://musicbrainz.org/genres","soukous"
"1774426831-1811","https://musicbrainz.org/genres","soul"
"1774426831-1812","https://musicbrainz.org/genres","soul blues"
"1774426831-1813","https://musicbrainz.org/genres","soul jazz"
"1774426831-1814","https://musicbrainz.org/genres","sound art"
"1774426831-1815","https://musicbrainz.org/genres","sound collage"
"1774426831-1816","https://musicbrainz.org/genres","sound effects"
"1774426831-1817","https://musicbrainz.org/genres","sound poetry"
"1774426831-1818","https://musicbrainz.org/genres","southeast asian classical"
"1774426831-1819","https://musicbrainz.org/genres","southern gospel"
"1774426831-1820","https://musicbrainz.org/genres","southern hip hop"
"1774426831-1821","https://musicbrainz.org/genres","southern metal"
"1774426831-1822","https://musicbrainz.org/genres","southern rock"
"1774426831-1823","https://musicbrainz.org/genres","southern soul"
"1774426831-1824","https://musicbrainz.org/genres","sovietwave"
"1774426831-1825","https://musicbrainz.org/genres","space age pop"
"1774426831-1826","https://musicbrainz.org/genres","space ambient"
"1774426831-1827","https://musicbrainz.org/genres","space disco"
"1774426831-1828","https://musicbrainz.org/genres","space rock"
"1774426831-1829","https://musicbrainz.org/genres","space rock revival"
"1774426831-1830","https://musicbrainz.org/genres","spacesynth"
"1774426831-1831","https://musicbrainz.org/genres","spamwave"
"1774426831-1832","https://musicbrainz.org/genres","spectralism"
"1774426831-1833","https://musicbrainz.org/genres","speech"
"1774426831-1834","https://musicbrainz.org/genres","speed garage"
"1774426831-1835","https://musicbrainz.org/genres","speed house"
"1774426831-1836","https://musicbrainz.org/genres","speed metal"
"1774426831-1837","https://musicbrainz.org/genres","speedcore"
"1774426831-1838","https://musicbrainz.org/genres","spiritual jazz"
"1774426831-1839","https://musicbrainz.org/genres","spirituals"
"1774426831-1840","https://musicbrainz.org/genres","splittercore"
"1774426831-1841","https://musicbrainz.org/genres","spoken word"
"1774426831-1842","https://musicbrainz.org/genres","spouge"
"1774426831-1843","https://musicbrainz.org/genres","staïfi"
"1774426831-1844","https://musicbrainz.org/genres","standup comedy"
"1774426831-1845","https://musicbrainz.org/genres","steampunk"
"1774426831-1846","https://musicbrainz.org/genres","steel band"
"1774426831-1847","https://musicbrainz.org/genres","stenchcore"
"1774426831-1848","https://musicbrainz.org/genres","sticheron"
"1774426831-1849","https://musicbrainz.org/genres","stochastic music"
"1774426831-1850","https://musicbrainz.org/genres","stomp and holler"
"1774426831-1851","https://musicbrainz.org/genres","stoner metal"
"1774426831-1852","https://musicbrainz.org/genres","stoner rap"
"1774426831-1853","https://musicbrainz.org/genres","stoner rock"
"1774426831-1854","https://musicbrainz.org/genres","stornello"
"1774426831-1855","https://musicbrainz.org/genres","street punk"
"1774426831-1856","https://musicbrainz.org/genres","stride"
"1774426831-1857","https://musicbrainz.org/genres","string quartet"
"1774426831-1858","https://musicbrainz.org/genres","stutter house"
"1774426831-1859","https://musicbrainz.org/genres","sufi rock"
"1774426831-1860","https://musicbrainz.org/genres","sufiana kalam"
"1774426831-1861","https://musicbrainz.org/genres","sundanese pop"
"1774426831-1862","https://musicbrainz.org/genres","sungura"
"1774426831-1863","https://musicbrainz.org/genres","sunshine pop"
"1774426831-1864","https://musicbrainz.org/genres","suomisaundi"
"1774426831-1865","https://musicbrainz.org/genres","surf"
"1774426831-1866","https://musicbrainz.org/genres","surf punk"
"1774426831-1867","https://musicbrainz.org/genres","surf rock"
"1774426831-1868","https://musicbrainz.org/genres","sutartinės"
"1774426831-1869","https://musicbrainz.org/genres","swamp blues"
"1774426831-1870","https://musicbrainz.org/genres","swamp pop"
"1774426831-1871","https://musicbrainz.org/genres","swamp rock"
"1774426831-1872","https://musicbrainz.org/genres","swancore"
"1774426831-1873","https://musicbrainz.org/genres","sweet jazz"
"1774426831-1874","https://musicbrainz.org/genres","swing"
"1774426831-1875","https://musicbrainz.org/genres","swing revival"
"1774426831-1876","https://musicbrainz.org/genres","symphonic black metal"
"1774426831-1877","https://musicbrainz.org/genres","symphonic metal"
"1774426831-1878","https://musicbrainz.org/genres","symphonic mugham"
"1774426831-1879","https://musicbrainz.org/genres","symphonic poem"
"1774426831-1880","https://musicbrainz.org/genres","symphonic prog"
"1774426831-1881","https://musicbrainz.org/genres","symphonic rock"
"1774426831-1882","https://musicbrainz.org/genres","symphony"
"1774426831-1883","https://musicbrainz.org/genres","synth funk"
"1774426831-1884","https://musicbrainz.org/genres","synth-pop"
"1774426831-1885","https://musicbrainz.org/genres","synthwave"
"1774426831-1886","https://musicbrainz.org/genres","t-pop"
"1774426831-1887","https://musicbrainz.org/genres","taarab"
"1774426831-1888","https://musicbrainz.org/genres","tajaraste"
"1774426831-1889","https://musicbrainz.org/genres","takamba"
"1774426831-1890","https://musicbrainz.org/genres","talempong"
"1774426831-1891","https://musicbrainz.org/genres","talempong goyang"
"1774426831-1892","https://musicbrainz.org/genres","talking blues"
"1774426831-1893","https://musicbrainz.org/genres","tallava"
"1774426831-1894","https://musicbrainz.org/genres","tamborera"
"1774426831-1895","https://musicbrainz.org/genres","tamborito"
"1774426831-1896","https://musicbrainz.org/genres","tamborzão"
"1774426831-1897","https://musicbrainz.org/genres","tammurriata"
"1774426831-1898","https://musicbrainz.org/genres","tân cổ giao duyên"
"1774426831-1899","https://musicbrainz.org/genres","tango"
"1774426831-1900","https://musicbrainz.org/genres","tanjidor"
"1774426831-1901","https://musicbrainz.org/genres","taoist ritual music"
"1774426831-1902","https://musicbrainz.org/genres","tape music"
"1774426831-1903","https://musicbrainz.org/genres","tappa"
"1774426831-1904","https://musicbrainz.org/genres","taquirari"
"1774426831-1905","https://musicbrainz.org/genres","tarana"
"1774426831-1906","https://musicbrainz.org/genres","tarantella"
"1774426831-1907","https://musicbrainz.org/genres","tarawangsa"
"1774426831-1908","https://musicbrainz.org/genres","tarraxinha"
"1774426831-1909","https://musicbrainz.org/genres","tassa"
"1774426831-1910","https://musicbrainz.org/genres","tassu"
"1774426831-1911","https://musicbrainz.org/genres","tchinkoumé"
"1774426831-1912","https://musicbrainz.org/genres","tearout"
"1774426831-1913","https://musicbrainz.org/genres","tearout brostep"
"1774426831-1914","https://musicbrainz.org/genres","tech house"
"1774426831-1915","https://musicbrainz.org/genres","tech trance"
"1774426831-1916","https://musicbrainz.org/genres","technical death metal"
"1774426831-1917","https://musicbrainz.org/genres","technical thrash metal"
"1774426831-1918","https://musicbrainz.org/genres","techno"
"1774426831-1919","https://musicbrainz.org/genres","techno bass"
"1774426831-1920","https://musicbrainz.org/genres","techno kayō"
"1774426831-1921","https://musicbrainz.org/genres","technobanda"
"1774426831-1922","https://musicbrainz.org/genres","technoid"
"1774426831-1923","https://musicbrainz.org/genres","techstep"
"1774426831-1924","https://musicbrainz.org/genres","tecnobrega"
"1774426831-1925","https://musicbrainz.org/genres","tecnofunk"
"1774426831-1926","https://musicbrainz.org/genres","tecnomerengue"
"1774426831-1927","https://musicbrainz.org/genres","tecnorumba"
"1774426831-1928","https://musicbrainz.org/genres","teen pop"
"1774426831-1929","https://musicbrainz.org/genres","tejano"
"1774426831-1930","https://musicbrainz.org/genres","tembang cianjuran"
"1774426831-1931","https://musicbrainz.org/genres","terror plugg"
"1774426831-1932","https://musicbrainz.org/genres","terrorcore"
"1774426831-1933","https://musicbrainz.org/genres","tex-mex"
"1774426831-1934","https://musicbrainz.org/genres","texas blues"
"1774426831-1935","https://musicbrainz.org/genres","texas country"
"1774426831-1936","https://musicbrainz.org/genres","thai classical"
"1774426831-1937","https://musicbrainz.org/genres","thall"
"1774426831-1938","https://musicbrainz.org/genres","theme and variations"
"1774426831-1939","https://musicbrainz.org/genres","third stream"
"1774426831-1940","https://musicbrainz.org/genres","third wave ska"
"1774426831-1941","https://musicbrainz.org/genres","thrash metal"
"1774426831-1942","https://musicbrainz.org/genres","thrashcore"
"1774426831-1943","https://musicbrainz.org/genres","thumri"
"1774426831-1944","https://musicbrainz.org/genres","tibetan buddhist chant"
"1774426831-1945","https://musicbrainz.org/genres","tiento"
"1774426831-1946","https://musicbrainz.org/genres","timba"
"1774426831-1947","https://musicbrainz.org/genres","timbila"
"1774426831-1948","https://musicbrainz.org/genres","tin pan alley"
"1774426831-1949","https://musicbrainz.org/genres","tivaner inngernerlu"
"1774426831-1950","https://musicbrainz.org/genres","tizita"
"1774426831-1951","https://musicbrainz.org/genres","toada de boi"
"1774426831-1952","https://musicbrainz.org/genres","toccata"
"1774426831-1953","https://musicbrainz.org/genres","tonada asturiana"
"1774426831-1954","https://musicbrainz.org/genres","tonada potosina"
"1774426831-1955","https://musicbrainz.org/genres","tonadilla"
"1774426831-1956","https://musicbrainz.org/genres","tondero"
"1774426831-1957","https://musicbrainz.org/genres","tontipop"
"1774426831-1958","https://musicbrainz.org/genres","totalism"
"1774426831-1959","https://musicbrainz.org/genres","township bubblegum"
"1774426831-1960","https://musicbrainz.org/genres","township jive"
"1774426831-1961","https://musicbrainz.org/genres","toypop"
"1774426831-1962","https://musicbrainz.org/genres","toytown pop"
"1774426831-1963","https://musicbrainz.org/genres","tradi-moderne congolais"
"1774426831-1964","https://musicbrainz.org/genres","tradi-moderne ivoirien"
"1774426831-1965","https://musicbrainz.org/genres","traditional black gospel"
"1774426831-1966","https://musicbrainz.org/genres","traditional bluegrass"
"1774426831-1967","https://musicbrainz.org/genres","traditional country"
"1774426831-1968","https://musicbrainz.org/genres","traditional doom metal"
"1774426831-1969","https://musicbrainz.org/genres","traditional pop"
"1774426831-1970","https://musicbrainz.org/genres","tragédie en musique"
"1774426831-1971","https://musicbrainz.org/genres","trallalero"
"1774426831-1972","https://musicbrainz.org/genres","trampská hudba"
"1774426831-1973","https://musicbrainz.org/genres","trance"
"1774426831-1974","https://musicbrainz.org/genres","trance metal"
"1774426831-1975","https://musicbrainz.org/genres","trancestep"
"1774426831-1976","https://musicbrainz.org/genres","trap"
"1774426831-1977","https://musicbrainz.org/genres","trap dancehall"
"1774426831-1978","https://musicbrainz.org/genres","trap edm"
"1774426831-1979","https://musicbrainz.org/genres","trap latino"
"1774426831-1980","https://musicbrainz.org/genres","trap metal"
"1774426831-1981","https://musicbrainz.org/genres","trap shaabi"
"1774426831-1982","https://musicbrainz.org/genres","trap soul"
"1774426831-1983","https://musicbrainz.org/genres","trapfunk"
"1774426831-1984","https://musicbrainz.org/genres","tread"
"1774426831-1985","https://musicbrainz.org/genres","tribal ambient"
"1774426831-1986","https://musicbrainz.org/genres","tribal guarachero"
"1774426831-1987","https://musicbrainz.org/genres","tribal house"
"1774426831-1988","https://musicbrainz.org/genres","trikitixa"
"1774426831-1989","https://musicbrainz.org/genres","trip hop"
"1774426831-1990","https://musicbrainz.org/genres","troparion"
"1774426831-1991","https://musicbrainz.org/genres","tropical house"
"1774426831-1992","https://musicbrainz.org/genres","tropical rock"
"1774426831-1993","https://musicbrainz.org/genres","tropicália"
"1774426831-1994","https://musicbrainz.org/genres","tropicanibalismo"
"1774426831-1995","https://musicbrainz.org/genres","tropipop"
"1774426831-1996","https://musicbrainz.org/genres","trot"
"1774426831-1997","https://musicbrainz.org/genres","trova"
"1774426831-1998","https://musicbrainz.org/genres","trova yucateca"
"1774426831-1999","https://musicbrainz.org/genres","truck driving country"
"1774426831-2000","https://musicbrainz.org/genres","tsapiky"
"1774426831-2001","https://musicbrainz.org/genres","tsonga disco"
"1774426831-2002","https://musicbrainz.org/genres","tsugaru-jamisen"
"1774426831-2003","https://musicbrainz.org/genres","tumba"
"1774426831-2004","https://musicbrainz.org/genres","tumba francesa"
"1774426831-2005","https://musicbrainz.org/genres","tumbélé"
"1774426831-2006","https://musicbrainz.org/genres","turbo-folk"
"1774426831-2007","https://musicbrainz.org/genres","turkish classical"
"1774426831-2008","https://musicbrainz.org/genres","turkish folk"
"1774426831-2009","https://musicbrainz.org/genres","turkish pop"
"1774426831-2010","https://musicbrainz.org/genres","turntablism"
"1774426831-2011","https://musicbrainz.org/genres","twee pop"
"1774426831-2012","https://musicbrainz.org/genres","twerk"
"1774426831-2013","https://musicbrainz.org/genres","twoubadou"
"1774426831-2014","https://musicbrainz.org/genres","uaajeerneq"
"1774426831-2015","https://musicbrainz.org/genres","udigrudi"
"1774426831-2016","https://musicbrainz.org/genres","uk drill"
"1774426831-2017","https://musicbrainz.org/genres","uk funky"
"1774426831-2018","https://musicbrainz.org/genres","uk garage"
"1774426831-2019","https://musicbrainz.org/genres","uk hardcore"
"1774426831-2020","https://musicbrainz.org/genres","uk jackin"
"1774426831-2021","https://musicbrainz.org/genres","uk street soul"
"1774426831-2022","https://musicbrainz.org/genres","uk82"
"1774426831-2023","https://musicbrainz.org/genres","unakesa"
"1774426831-2024","https://musicbrainz.org/genres","underground hip hop"
"1774426831-2025","https://musicbrainz.org/genres","unyago"
"1774426831-2026","https://musicbrainz.org/genres","upopo"
"1774426831-2027","https://musicbrainz.org/genres","uptempo hardcore"
"1774426831-2028","https://musicbrainz.org/genres","urban contemporary gospel"
"1774426831-2029","https://musicbrainz.org/genres","urban cowboy"
"1774426831-2030","https://musicbrainz.org/genres","urtiin duu"
"1774426831-2031","https://musicbrainz.org/genres","urumi melam"
"1774426831-2032","https://musicbrainz.org/genres","us power metal"
"1774426831-2033","https://musicbrainz.org/genres","utopian virtual"
"1774426831-2034","https://musicbrainz.org/genres","uyghur muqam"
"1774426831-2035","https://musicbrainz.org/genres","uzun hava"
"1774426831-2036","https://musicbrainz.org/genres","v-pop"
"1774426831-2037","https://musicbrainz.org/genres","vaigat"
"1774426831-2038","https://musicbrainz.org/genres","vallenato"
"1774426831-2039","https://musicbrainz.org/genres","vals criollo"
"1774426831-2040","https://musicbrainz.org/genres","vals venezolano"
"1774426831-2041","https://musicbrainz.org/genres","valsa brasileira"
"1774426831-2042","https://musicbrainz.org/genres","vanera"
"1774426831-2043","https://musicbrainz.org/genres","vapornoise"
"1774426831-2044","https://musicbrainz.org/genres","vaportrap"
"1774426831-2045","https://musicbrainz.org/genres","vaporwave"
"1774426831-2046","https://musicbrainz.org/genres","vaudeville"
"1774426831-2047","https://musicbrainz.org/genres","vaudeville blues"
"1774426831-2048","https://musicbrainz.org/genres","vedic chant"
"1774426831-2049","https://musicbrainz.org/genres","verbunkos"
"1774426831-2050","https://musicbrainz.org/genres","verismo"
"1774426831-2051","https://musicbrainz.org/genres","vietnamese bolero"
"1774426831-2052","https://musicbrainz.org/genres","vietnamese classical"
"1774426831-2053","https://musicbrainz.org/genres","viking metal"
"1774426831-2054","https://musicbrainz.org/genres","viking rock"
"1774426831-2055","https://musicbrainz.org/genres","villancico"
"1774426831-2056","https://musicbrainz.org/genres","vinahouse"
"1774426831-2057","https://musicbrainz.org/genres","visa"
"1774426831-2058","https://musicbrainz.org/genres","visual kei"
"1774426831-2059","https://musicbrainz.org/genres","vocal house"
"1774426831-2060","https://musicbrainz.org/genres","vocal jazz"
"1774426831-2061","https://musicbrainz.org/genres","vocal surf"
"1774426831-2062","https://musicbrainz.org/genres","vocal trance"
"1774426831-2063","https://musicbrainz.org/genres","vocalese"
"1774426831-2064","https://musicbrainz.org/genres","volkstümliche musik"
"1774426831-2065","https://musicbrainz.org/genres","vude"
"1774426831-2066","https://musicbrainz.org/genres","wa euro"
"1774426831-2067","https://musicbrainz.org/genres","waka"
"1774426831-2068","https://musicbrainz.org/genres","waltz"
"1774426831-2069","https://musicbrainz.org/genres","wangga"
"1774426831-2070","https://musicbrainz.org/genres","war metal"
"1774426831-2071","https://musicbrainz.org/genres","wassoulou"
"1774426831-2072","https://musicbrainz.org/genres","waulking song"
"1774426831-2073","https://musicbrainz.org/genres","wave"
"1774426831-2074","https://musicbrainz.org/genres","weightless"
"1774426831-2075","https://musicbrainz.org/genres","west coast breaks"
"1774426831-2076","https://musicbrainz.org/genres","west coast hip hop"
"1774426831-2077","https://musicbrainz.org/genres","west coast swing"
"1774426831-2078","https://musicbrainz.org/genres","western"
"1774426831-2079","https://musicbrainz.org/genres","western classical"
"1774426831-2080","https://musicbrainz.org/genres","western swing"
"1774426831-2081","https://musicbrainz.org/genres","whale song"
"1774426831-2082","https://musicbrainz.org/genres","whistling"
"1774426831-2083","https://musicbrainz.org/genres","white voice"
"1774426831-2084","https://musicbrainz.org/genres","winter synth"
"1774426831-2085","https://musicbrainz.org/genres","witch house"
"1774426831-2086","https://musicbrainz.org/genres","wong shadow"
"1774426831-2087","https://musicbrainz.org/genres","wonky"
"1774426831-2088","https://musicbrainz.org/genres","wonky techno"
"1774426831-2089","https://musicbrainz.org/genres","work song"
"1774426831-2090","https://musicbrainz.org/genres","world fusion"
"1774426831-2091","https://musicbrainz.org/genres","worldbeat"
"1774426831-2092","https://musicbrainz.org/genres","wyrd folk"
"1774426831-2093","https://musicbrainz.org/genres","xẩm"
"1774426831-2094","https://musicbrainz.org/genres","xaxado"
"1774426831-2095","https://musicbrainz.org/genres","xian psych"
"1774426831-2096","https://musicbrainz.org/genres","xote"
"1774426831-2097","https://musicbrainz.org/genres","xuc"
"1774426831-2098","https://musicbrainz.org/genres","yacht rock"
"1774426831-2099","https://musicbrainz.org/genres","yakousei"
"1774426831-2100","https://musicbrainz.org/genres","yangzhou opera"
"1774426831-2101","https://musicbrainz.org/genres","yaraví"
"1774426831-2102","https://musicbrainz.org/genres","yayue"
"1774426831-2103","https://musicbrainz.org/genres","yé-yé"
"1774426831-2104","https://musicbrainz.org/genres","yodeling"
"1774426831-2105","https://musicbrainz.org/genres","ytpmv"
"1774426831-2106","https://musicbrainz.org/genres","yu-mex"
"1774426831-2107","https://musicbrainz.org/genres","yue opera"
"1774426831-2108","https://musicbrainz.org/genres","yukar"
"1774426831-2109","https://musicbrainz.org/genres","zamacueca"
"1774426831-2110","https://musicbrainz.org/genres","zamba"
"1774426831-2111","https://musicbrainz.org/genres","zamrock"
"1774426831-2112","https://musicbrainz.org/genres","zarzuela"
"1774426831-2113","https://musicbrainz.org/genres","zarzuela barroca"
"1774426831-2114","https://musicbrainz.org/genres","zeitoper"
"1774426831-2115","https://musicbrainz.org/genres","zema"
"1774426831-2116","https://musicbrainz.org/genres","zenonesque"
"1774426831-2117","https://musicbrainz.org/genres","zess"
"1774426831-2118","https://musicbrainz.org/genres","zeuhl"
"1774426831-2119","https://musicbrainz.org/genres","zeybek"
"1774426831-2120","https://musicbrainz.org/genres","zhongguo feng"
"1774426831-2121","https://musicbrainz.org/genres","ziglibithy"
"1774426831-2122","https://musicbrainz.org/genres","zinli"
"1774426831-2123","https://musicbrainz.org/genres","znamenny chant"
"1774426831-2124","https://musicbrainz.org/genres","zoblazo"
"1774426831-2125","https://musicbrainz.org/genres","zohioliin duu"
"1774426831-2126","https://musicbrainz.org/genres","zolo"
"1774426831-2127","https://musicbrainz.org/genres","zouglou"
"1774426831-2128","https://musicbrainz.org/genres","zouk"
"1774426831-2129","https://musicbrainz.org/genres","zouk love"
"1774426831-2130","https://musicbrainz.org/genres","zydeco"
